date,num_workers,backend,ucx_version,wallclock,data_processed,base_chunks,other_chunks,rows_per_chunk,ignore_size,frac_match,devices,device_memory_limit,worker_threads,rmm_pool,tcp,ib,nvlink,nreps,throughput_mean,throughput_std
2022-07-11T00:00:00,8,dask,ucx-1.12.1,0.56418282542,10240000000.0,8.0,8.0,40000000.0,1048576.0,0.6000000000000001,0.0,,1.0,1.0,,,,30.0,2.2687681055287663,0.04236768406024309
2022-07-11T00:00:00,8,explicit-comms,ucx-1.12.1,0.52313026601,10240000000.0,8.0,8.0,40000000.0,1048576.0,0.6000000000000001,0.0,,1.0,0.0,,,,30.0,2.446809300029167,0.12729453260497464
2022-07-11T00:00:00,16,dask,ucx-1.12.1,0.8983077096666666,20480000000.0,16.0,16.0,40000000.0,1048576.0,0.6000000000000001,0.0,,1.0,1.0,,,,30.0,1.4249014966986835,0.018456568536816365
2022-07-11T00:00:00,16,explicit-comms,ucx-1.12.1,0.7531735221800001,20480000000.0,16.0,16.0,40000000.0,1048576.0,0.6000000000000001,0.0,,1.0,0.0,,,,30.0,1.6994755687841274,0.12366013105552609
2022-07-11T00:00:00,32,dask,ucx-1.12.1,1.60183293947,40960000000.0,32.0,32.0,40000000.0,1048576.0,0.6000000000000001,0.0,,1.0,1.0,,,,30.0,0.799084578959598,0.014368466419418649
2022-07-11T00:00:00,32,explicit-comms,ucx-1.12.1,1.0501240494666668,40960000000.0,32.0,32.0,40000000.0,1048576.0,0.6000000000000001,0.0,,1.0,0.0,,,,30.0,1.2189036149110974,0.12678461106649402
2022-07-11T00:00:00,64,dask,ucx-1.12.1,2.208195396156667,81920000000.0,64.0,64.0,40000000.0,1048576.0,0.6000000000000001,0.0,,1.0,1.0,,,,30.0,0.5796588482286588,0.00934647015769487
2022-07-11T00:00:00,64,explicit-comms,ucx-1.12.1,1.7391309309999998,81920000000.0,64.0,64.0,40000000.0,1048576.0,0.6000000000000001,0.0,,1.0,0.0,,,,30.0,0.7359997900008599,0.09923662331715333
2022-07-11T00:00:00,128,dask,ucx-1.12.1,6.179906500056666,163840000000.0,128.0,128.0,40000000.0,1048576.0,0.6000000000000001,0.0,,1.0,1.0,,,,30.0,0.20712287475356836,0.00429323003532303
2022-07-11T00:00:00,128,explicit-comms,ucx-1.12.1,5.7913091988200005,163840000000.0,128.0,128.0,40000000.0,1048576.0,0.6000000000000001,0.0,,1.0,0.0,,,,30.0,0.22102083588643556,0.022294846121745655
2022-07-11T00:00:00,256,dask,ucx-1.12.1,11.76604201963,327680000000.0,256.0,256.0,40000000.0,1048576.0,0.6000000000000001,0.0,,1.0,1.0,,,,30.0,0.1087876448056618,0.0013168790584152424
2022-07-11T00:00:00,256,explicit-comms,ucx-1.12.1,9.024403434706667,327680000000.0,256.0,256.0,40000000.0,1048576.0,0.6000000000000001,0.0,,1.0,0.0,,,,30.0,0.1418376305160836,0.03148316939163819
2022-07-18T00:00:00,8,dask,ucx-1.12.1,0.56870813749,10240000000.0,8.0,8.0,40000000.0,1048576.0,0.6000000000000001,0.0,,1.0,1.0,,,,30.0,2.2507151131146017,0.036414751158099765
2022-07-18T00:00:00,8,explicit-comms,ucx-1.12.1,0.5256657082333334,10240000000.0,8.0,8.0,40000000.0,1048576.0,0.6000000000000001,0.0,,1.0,0.0,,,,30.0,2.4350076102583267,0.12906617158797934
2022-07-18T00:00:00,16,dask,ucx-1.12.1,0.9073589686666668,20480000000.0,16.0,16.0,40000000.0,1048576.0,0.6000000000000001,0.0,,1.0,1.0,,,,30.0,1.410687549472197,0.03226149927693667
2022-07-18T00:00:00,16,explicit-comms,ucx-1.12.1,0.7553035630866667,20480000000.0,16.0,16.0,40000000.0,1048576.0,0.6000000000000001,0.0,,1.0,0.0,,,,30.0,1.6946828567431602,0.11895901746222942
2022-07-18T00:00:00,32,dask,ucx-1.12.1,1.6128170542366669,40960000000.0,32.0,32.0,40000000.0,1048576.0,0.6000000000000001,0.0,,1.0,1.0,,,,30.0,0.7936424014351794,0.021783386970149286
2022-07-18T00:00:00,32,explicit-comms,ucx-1.12.1,1.0956250238833334,40960000000.0,32.0,32.0,40000000.0,1048576.0,0.6000000000000001,0.0,,1.0,0.0,,,,30.0,1.1682829180581946,0.12370161214637902
2022-07-18T00:00:00,64,dask,ucx-1.12.1,2.2116381700466667,81920000000.0,64.0,64.0,40000000.0,1048576.0,0.6000000000000001,0.0,,1.0,1.0,,,,30.0,0.5787565151188323,0.01855213030274431
2022-07-18T00:00:00,64,explicit-comms,ucx-1.12.1,1.7749776915366666,81920000000.0,64.0,64.0,40000000.0,1048576.0,0.6000000000000001,0.0,,1.0,0.0,,,,30.0,0.7211358239054005,0.10517626618757463
2022-07-18T00:00:00,128,dask,ucx-1.12.1,4.880728139536667,163840000000.0,128.0,128.0,40000000.0,1048576.0,0.6000000000000001,0.0,,1.0,1.0,,,,30.0,0.2622559510396152,0.0018823121512949485
2022-07-18T00:00:00,128,explicit-comms,ucx-1.12.1,3.2950670085700002,163840000000.0,128.0,128.0,40000000.0,1048576.0,0.6000000000000001,0.0,,1.0,0.0,,,,30.0,0.3884594749274908,0.07745711558706449
2022-07-18T00:00:00,256,dask,ucx-1.12.1,10.544376266096666,327680000000.0,256.0,256.0,40000000.0,1048576.0,0.6000000000000001,0.0,,1.0,1.0,,,,30.0,0.12139172272480298,0.0007916771610564157
2022-07-18T00:00:00,256,explicit-comms,ucx-1.12.1,7.217422295566666,327680000000.0,256.0,256.0,40000000.0,1048576.0,0.6000000000000001,0.0,,1.0,0.0,,,,30.0,0.1773486360616928,0.06347349092147916
2022-07-25T00:00:00,8,dask,ucx-1.12.1,0.5776688049233333,10240000000.0,8.0,8.0,40000000.0,1048576.0,0.6000000000000001,0.0,,1.0,1.0,,,,30.0,2.215802530950028,0.04299172769834704
2022-07-25T00:00:00,8,explicit-comms,ucx-1.12.1,0.5271899339733334,10240000000.0,8.0,8.0,40000000.0,1048576.0,0.6000000000000001,0.0,,1.0,0.0,,,,30.0,2.427967450654598,0.12250523920271791
2022-07-25T00:00:00,16,dask,ucx-1.12.1,0.89737231881,20480000000.0,16.0,16.0,40000000.0,1048576.0,0.6000000000000001,0.0,,1.0,1.0,,,,30.0,1.4263867663060972,0.033129241211867506
2022-07-25T00:00:00,16,explicit-comms,ucx-1.12.1,0.7613255941266667,20480000000.0,16.0,16.0,40000000.0,1048576.0,0.6000000000000001,0.0,,1.0,0.0,,,,30.0,1.681278036459967,0.12220379387052256
2022-07-25T00:00:00,32,dask,ucx-1.12.1,1.6937695140433333,40960000000.0,32.0,32.0,40000000.0,1048576.0,0.6000000000000001,0.0,,1.0,1.0,,,,30.0,0.7557108504948875,0.008036096797428493
2022-07-25T00:00:00,32,explicit-comms,ucx-1.12.1,1.0420423756166666,40960000000.0,32.0,32.0,40000000.0,1048576.0,0.6000000000000001,0.0,,1.0,0.0,,,,30.0,1.2283569554861082,0.13718619600716347
2022-07-25T00:00:00,64,dask,ucx-1.12.1,2.2171287611866664,81920000000.0,64.0,64.0,40000000.0,1048576.0,0.6000000000000001,0.0,,1.0,1.0,,,,30.0,0.577323258083987,0.011134767613245548
2022-07-25T00:00:00,64,explicit-comms,ucx-1.12.1,1.8185074909533334,81920000000.0,64.0,64.0,40000000.0,1048576.0,0.6000000000000001,0.0,,1.0,0.0,,,,30.0,0.7038739220859481,0.10823226817686452
2022-07-25T00:00:00,128,dask,ucx-1.12.1,4.8965058780533335,163840000000.0,128.0,128.0,40000000.0,1048576.0,0.6000000000000001,0.0,,1.0,1.0,,,,30.0,0.26141089827689123,0.002141962562806101
2022-07-25T00:00:00,128,explicit-comms,ucx-1.12.1,3.541707629586667,163840000000.0,128.0,128.0,40000000.0,1048576.0,0.6000000000000001,0.0,,1.0,0.0,,,,30.0,0.361407584665418,0.07997573994769348
2022-07-25T00:00:00,256,dask,ucx-1.12.1,10.395257355366669,327680000000.0,256.0,256.0,40000000.0,1048576.0,0.6000000000000001,0.0,,1.0,1.0,,,,30.0,0.12313307465535575,0.0006027638060601743
2022-07-25T00:00:00,256,explicit-comms,ucx-1.12.1,7.204624473136666,327680000000.0,256.0,256.0,40000000.0,1048576.0,0.6000000000000001,0.0,,1.0,0.0,,,,30.0,0.17766366654815086,0.06674790286799197
2022-08-01T00:00:00,8,dask,ucx-1.12.1,0.5672075865333334,10240000000.0,8.0,8.0,40000000.0,1048576.0,0.6000000000000001,0.0,,1.0,1.0,,,,30.0,2.2566693929873547,0.037508760915902765
2022-08-01T00:00:00,8,dask,ucx-1.13.0,0.5604417163866666,10240000000.0,8.0,8.0,40000000.0,1048576.0,0.6000000000000001,0.0,,1.0,1.0,,,,30.0,2.283912782675312,0.03492552588785987
2022-08-01T00:00:00,8,dask,ucx-1.14.0,0.5531800934966667,10240000000.0,8.0,8.0,40000000.0,1048576.0,0.6000000000000001,0.0,,1.0,1.0,,,,30.0,2.3138938205622774,0.0348351881046601
2022-08-01T00:00:00,8,explicit-comms,ucx-1.12.1,0.5310968114266666,10240000000.0,8.0,8.0,40000000.0,1048576.0,0.6000000000000001,0.0,,1.0,0.0,,,,30.0,2.410106730939659,0.12235442977243541
2022-08-01T00:00:00,8,explicit-comms,ucx-1.13.0,0.5369070299533334,10240000000.0,8.0,8.0,40000000.0,1048576.0,0.6000000000000001,0.0,,1.0,0.0,,,,30.0,2.3840254058719523,0.1500100319034033
2022-08-01T00:00:00,8,explicit-comms,ucx-1.14.0,0.5375194319666666,10240000000.0,8.0,8.0,40000000.0,1048576.0,0.6000000000000001,0.0,,1.0,0.0,,,,30.0,2.381309258563469,0.15147597942368374
2022-08-01T00:00:00,16,dask,ucx-1.12.1,0.9014090813000001,20480000000.0,16.0,16.0,40000000.0,1048576.0,0.6000000000000001,0.0,,1.0,1.0,,,,30.0,1.4199990066152886,0.03305818084678192
2022-08-01T00:00:00,16,dask,ucx-1.13.0,0.9026425791566667,20480000000.0,16.0,16.0,40000000.0,1048576.0,0.6000000000000001,0.0,,1.0,1.0,,,,30.0,1.4180585201242066,0.01850746832204826
2022-08-01T00:00:00,16,dask,ucx-1.14.0,0.8892034455300001,20480000000.0,16.0,16.0,40000000.0,1048576.0,0.6000000000000001,0.0,,1.0,1.0,,,,30.0,1.4394905985064754,0.026138751596581557
2022-08-01T00:00:00,16,explicit-comms,ucx-1.12.1,0.7666951705666667,20480000000.0,16.0,16.0,40000000.0,1048576.0,0.6000000000000001,0.0,,1.0,0.0,,,,30.0,1.6695031469338046,0.1293725775870475
2022-08-01T00:00:00,16,explicit-comms,ucx-1.13.0,0.7781398820733334,20480000000.0,16.0,16.0,40000000.0,1048576.0,0.6000000000000001,0.0,,1.0,0.0,,,,30.0,1.6449484591246932,0.15054739868636213
2022-08-01T00:00:00,16,explicit-comms,ucx-1.14.0,0.7774037646133334,20480000000.0,16.0,16.0,40000000.0,1048576.0,0.6000000000000001,0.0,,1.0,0.0,,,,30.0,1.6465060477764073,0.1445357301800498
2022-08-01T00:00:00,32,dask,ucx-1.12.1,1.6073147539666666,40960000000.0,32.0,32.0,40000000.0,1048576.0,0.6000000000000001,0.0,,1.0,1.0,,,,30.0,0.7963592674310418,0.01239021760600386
2022-08-01T00:00:00,32,dask,ucx-1.13.0,1.5984611092233334,40960000000.0,32.0,32.0,40000000.0,1048576.0,0.6000000000000001,0.0,,1.0,1.0,,,,30.0,0.8007701861585681,0.01610099910851889
2022-08-01T00:00:00,32,dask,ucx-1.14.0,1.6078825382366666,40960000000.0,32.0,32.0,40000000.0,1048576.0,0.6000000000000001,0.0,,1.0,1.0,,,,30.0,0.7960780526939181,0.02474798100735769
2022-08-01T00:00:00,32,explicit-comms,ucx-1.12.1,1.0735824903733333,40960000000.0,32.0,32.0,40000000.0,1048576.0,0.6000000000000001,0.0,,1.0,0.0,,,,30.0,1.192269817622385,0.1288920350092937
2022-08-01T00:00:00,32,explicit-comms,ucx-1.13.0,1.1295869985633333,40960000000.0,32.0,32.0,40000000.0,1048576.0,0.6000000000000001,0.0,,1.0,0.0,,,,30.0,1.1331575183035654,0.1508176365530529
2022-08-01T00:00:00,32,explicit-comms,ucx-1.14.0,1.1535230942033334,40960000000.0,32.0,32.0,40000000.0,1048576.0,0.6000000000000001,0.0,,1.0,0.0,,,,30.0,1.1096440170398294,0.14732876177763368
2022-08-01T00:00:00,64,dask,ucx-1.12.1,2.2677141197966666,81920000000.0,64.0,64.0,40000000.0,1048576.0,0.6000000000000001,0.0,,1.0,1.0,,,,30.0,0.5644450457074239,0.032101719143441766
2022-08-01T00:00:00,64,dask,ucx-1.14.0,2.32183799927,81920000000.0,64.0,64.0,40000000.0,1048576.0,0.6000000000000001,0.0,,1.0,1.0,,,,30.0,0.5512873854258736,0.03480066599075861
2022-08-01T00:00:00,64,explicit-comms,ucx-1.12.1,1.8240920967133334,81920000000.0,64.0,64.0,40000000.0,1048576.0,0.6000000000000001,0.0,,1.0,0.0,,,,30.0,0.7017189550386825,0.11058363397137848
2022-08-01T00:00:00,128,dask,ucx-1.12.1,4.84002410074,163840000000.0,128.0,128.0,40000000.0,1048576.0,0.6000000000000001,0.0,,1.0,1.0,,,,30.0,0.2644614930335364,0.002382076883954913
2022-08-01T00:00:00,128,explicit-comms,ucx-1.12.1,3.3315656676866667,163840000000.0,128.0,128.0,40000000.0,1048576.0,0.6000000000000001,0.0,,1.0,0.0,,,,30.0,0.3842037431274141,0.08283487749312891
2022-08-01T00:00:00,256,dask,ucx-1.12.1,10.486788526566666,327680000000.0,256.0,256.0,40000000.0,1048576.0,0.6000000000000001,0.0,,1.0,1.0,,,,30.0,0.12205834004922637,0.0006201516299180628
2022-08-01T00:00:00,256,explicit-comms,ucx-1.12.1,7.112271033133334,327680000000.0,256.0,256.0,40000000.0,1048576.0,0.6000000000000001,0.0,,1.0,0.0,,,,30.0,0.17997064426214535,0.06405392236493178
2022-08-08T00:00:00,8,dask,ucx-1.12.1,0.5778003044966666,10240000000.0,8.0,8.0,40000000.0,1048576.0,0.6000000000000001,0.0,,1.0,1.0,,,,30.0,2.2152982441139994,0.031088302300629263
2022-08-08T00:00:00,8,dask,ucx-1.13.0,0.5870398129800001,10240000000.0,8.0,8.0,40000000.0,1048576.0,0.6000000000000001,0.0,,1.0,1.0,,,,30.0,2.1804313296951947,0.041132448370078664
2022-08-08T00:00:00,8,dask,ucx-1.14.0,0.5600616179666668,10240000000.0,8.0,8.0,40000000.0,1048576.0,0.6000000000000001,0.0,,1.0,1.0,,,,30.0,2.2854628114797575,0.02813922987769234
2022-08-08T00:00:00,8,explicit-comms,ucx-1.12.1,0.5249369582566668,10240000000.0,8.0,8.0,40000000.0,1048576.0,0.6000000000000001,0.0,,1.0,0.0,,,,30.0,2.4383880385388044,0.13201022835437642
2022-08-08T00:00:00,8,explicit-comms,ucx-1.13.0,0.5374709776933333,10240000000.0,8.0,8.0,40000000.0,1048576.0,0.6000000000000001,0.0,,1.0,0.0,,,,30.0,2.38152393919646,0.1517899006264078
2022-08-08T00:00:00,8,explicit-comms,ucx-1.14.0,0.53484867622,10240000000.0,8.0,8.0,40000000.0,1048576.0,0.6000000000000001,0.0,,1.0,0.0,,,,30.0,2.393200276845213,0.1517131669859943
2022-08-08T00:00:00,16,dask,ucx-1.12.1,0.8872031167033333,20480000000.0,16.0,16.0,40000000.0,1048576.0,0.6000000000000001,0.0,,1.0,1.0,,,,30.0,1.4427361400129208,0.02535607770925298
2022-08-08T00:00:00,16,dask,ucx-1.13.0,0.9071935432533333,20480000000.0,16.0,16.0,40000000.0,1048576.0,0.6000000000000001,0.0,,1.0,1.0,,,,30.0,1.4109447862798123,0.02867813694450206
2022-08-08T00:00:00,16,dask,ucx-1.14.0,0.9012066026766666,20480000000.0,16.0,16.0,40000000.0,1048576.0,0.6000000000000001,0.0,,1.0,1.0,,,,30.0,1.4203180449391763,0.03278105103802341
2022-08-08T00:00:00,16,explicit-comms,ucx-1.12.1,0.76946548271,20480000000.0,16.0,16.0,40000000.0,1048576.0,0.6000000000000001,0.0,,1.0,0.0,,,,30.0,1.6634924226775392,0.12820806867894036
2022-08-08T00:00:00,16,explicit-comms,ucx-1.13.0,0.77399272203,20480000000.0,16.0,16.0,40000000.0,1048576.0,0.6000000000000001,0.0,,1.0,0.0,,,,30.0,1.6537623204554976,0.16435802811382827
2022-08-08T00:00:00,16,explicit-comms,ucx-1.14.0,0.76236511092,20480000000.0,16.0,16.0,40000000.0,1048576.0,0.6000000000000001,0.0,,1.0,0.0,,,,30.0,1.6789855433642984,0.14971278407830302
2022-08-08T00:00:00,32,dask,ucx-1.12.1,1.5983998296233333,40960000000.0,32.0,32.0,40000000.0,1048576.0,0.6000000000000001,0.0,,1.0,1.0,,,,30.0,0.8008008861597758,0.010601969477524256
2022-08-08T00:00:00,32,dask,ucx-1.13.0,1.6537998485433334,40960000000.0,32.0,32.0,40000000.0,1048576.0,0.6000000000000001,0.0,,1.0,1.0,,,,30.0,0.7739751585582888,0.025631970412781563
2022-08-08T00:00:00,32,dask,ucx-1.14.0,1.60147425716,40960000000.0,32.0,32.0,40000000.0,1048576.0,0.6000000000000001,0.0,,1.0,1.0,,,,30.0,0.799263549992935,0.01598052731838865
2022-08-08T00:00:00,32,explicit-comms,ucx-1.12.1,1.0826242361533334,40960000000.0,32.0,32.0,40000000.0,1048576.0,0.6000000000000001,0.0,,1.0,0.0,,,,30.0,1.182312345553949,0.12032612666714716
2022-08-08T00:00:00,32,explicit-comms,ucx-1.13.0,1.1112419276799999,40960000000.0,32.0,32.0,40000000.0,1048576.0,0.6000000000000001,0.0,,1.0,0.0,,,,30.0,1.1518643853479549,0.14723053569653985
2022-08-08T00:00:00,32,explicit-comms,ucx-1.14.0,1.1017570637433332,40960000000.0,32.0,32.0,40000000.0,1048576.0,0.6000000000000001,0.0,,1.0,0.0,,,,30.0,1.1617806158202135,0.1526768142395087
2022-08-08T00:00:00,64,dask,ucx-1.12.0,5.570440713976667,81920000000.0,64.0,64.0,40000000.0,1048576.0,0.6000000000000001,0.0,,1.0,1.0,,,,30.0,0.229784332286022,0.04693323578842818
2022-08-08T00:00:00,64,dask,ucx-1.12.1,2.2914882343166667,81920000000.0,64.0,64.0,40000000.0,1048576.0,0.6000000000000001,0.0,,1.0,1.0,,,,30.0,0.5585889470568032,0.029169671148912432
2022-08-08T00:00:00,64,dask,ucx-1.13.0,2.355816369363333,81920000000.0,64.0,64.0,40000000.0,1048576.0,0.6000000000000001,0.0,,1.0,1.0,,,,30.0,0.5433360667011259,0.018682882677392727
2022-08-08T00:00:00,64,explicit-comms,ucx-1.12.0,1.7939967412533335,81920000000.0,64.0,64.0,40000000.0,1048576.0,0.6000000000000001,0.0,,1.0,0.0,,,,30.0,0.7134907051758402,0.11850779494281824
2022-08-08T00:00:00,64,explicit-comms,ucx-1.12.1,1.7501406994733333,81920000000.0,64.0,64.0,40000000.0,1048576.0,0.6000000000000001,0.0,,1.0,0.0,,,,30.0,0.7313697695192097,0.10750650398662559
2022-08-08T00:00:00,64,explicit-comms,ucx-1.13.0,2.8943688631933333,81920000000.0,64.0,64.0,40000000.0,1048576.0,0.6000000000000001,0.0,,1.0,0.0,,,,30.0,0.44223803547547375,0.03856930534425185
2022-08-08T00:00:00,128,dask,ucx-1.12.1,4.833372470593333,163840000000.0,128.0,128.0,40000000.0,1048576.0,0.6000000000000001,0.0,,1.0,1.0,,,,30.0,0.2648254418188612,0.0021573888086500307
2022-08-08T00:00:00,128,explicit-comms,ucx-1.12.1,3.36108186911,163840000000.0,128.0,128.0,40000000.0,1048576.0,0.6000000000000001,0.0,,1.0,0.0,,,,30.0,0.3808297595377939,0.0761208225081612
2022-08-15T00:00:00,8,dask,ucx-1.12.1,0.5890944591066667,10240000000.0,8.0,8.0,40000000.0,1048576.0,0.6000000000000001,0.0,,1.0,1.0,,,,30.0,2.172826412153083,0.052887086503036085
2022-08-15T00:00:00,8,dask,ucx-1.13.0,0.5907194624066666,10240000000.0,8.0,8.0,40000000.0,1048576.0,0.6000000000000001,0.0,,1.0,1.0,,,,30.0,2.1668492092424314,0.0340660941691217
2022-08-15T00:00:00,8,dask,ucx-1.14.0,0.5775860400466667,10240000000.0,8.0,8.0,40000000.0,1048576.0,0.6000000000000001,0.0,,1.0,1.0,,,,30.0,2.216120043165484,0.03796263390774901
2022-08-15T00:00:00,8,explicit-comms,ucx-1.12.1,0.5518906294666667,10240000000.0,8.0,8.0,40000000.0,1048576.0,0.6000000000000001,0.0,,1.0,0.0,,,,30.0,2.319300114294312,0.11431387426856529
2022-08-15T00:00:00,8,explicit-comms,ucx-1.13.0,0.55305219219,10240000000.0,8.0,8.0,40000000.0,1048576.0,0.6000000000000001,0.0,,1.0,0.0,,,,30.0,2.3144289419257174,0.151482916420574
2022-08-15T00:00:00,8,explicit-comms,ucx-1.14.0,0.5633155364866667,10240000000.0,8.0,8.0,40000000.0,1048576.0,0.6000000000000001,0.0,,1.0,0.0,,,,30.0,2.2722611344668584,0.1415717835039876
2022-08-15T00:00:00,16,dask,ucx-1.12.1,0.91301110345,20480000000.0,16.0,16.0,40000000.0,1048576.0,0.6000000000000001,0.0,,1.0,1.0,,,,30.0,1.4019544725833637,0.036740433170212444
2022-08-15T00:00:00,16,dask,ucx-1.13.0,0.9037557269433333,20480000000.0,16.0,16.0,40000000.0,1048576.0,0.6000000000000001,0.0,,1.0,1.0,,,,30.0,1.416311910220689,0.014706010335136962
2022-08-15T00:00:00,16,dask,ucx-1.14.0,0.8822068184266667,20480000000.0,16.0,16.0,40000000.0,1048576.0,0.6000000000000001,0.0,,1.0,1.0,,,,30.0,1.4509069452475554,0.014877001621448326
2022-08-15T00:00:00,16,explicit-comms,ucx-1.12.1,0.7791930274000001,20480000000.0,16.0,16.0,40000000.0,1048576.0,0.6000000000000001,0.0,,1.0,0.0,,,,30.0,1.6427251720553577,0.11555418472534715
2022-08-15T00:00:00,16,explicit-comms,ucx-1.13.0,0.7966514064633333,20480000000.0,16.0,16.0,40000000.0,1048576.0,0.6000000000000001,0.0,,1.0,0.0,,,,30.0,1.6067253376008608,0.1513632433019854
2022-08-15T00:00:00,16,explicit-comms,ucx-1.14.0,0.8001397040366667,20480000000.0,16.0,16.0,40000000.0,1048576.0,0.6000000000000001,0.0,,1.0,0.0,,,,30.0,1.5997206407111921,0.14926008384712977
2022-08-15T00:00:00,32,dask,ucx-1.12.1,1.62620918658,40960000000.0,32.0,32.0,40000000.0,1048576.0,0.6000000000000001,0.0,,1.0,1.0,,,,30.0,0.7871066100000976,0.012244265816789661
2022-08-15T00:00:00,32,dask,ucx-1.13.0,1.6391824764866667,40960000000.0,32.0,32.0,40000000.0,1048576.0,0.6000000000000001,0.0,,1.0,1.0,,,,30.0,0.7808770642445383,0.011331332195938952
2022-08-15T00:00:00,32,dask,ucx-1.14.0,1.6482180116333334,40960000000.0,32.0,32.0,40000000.0,1048576.0,0.6000000000000001,0.0,,1.0,1.0,,,,30.0,0.7765962942800021,0.01980717214250617
2022-08-15T00:00:00,32,explicit-comms,ucx-1.12.1,1.1548862096199999,40960000000.0,32.0,32.0,40000000.0,1048576.0,0.6000000000000001,0.0,,1.0,0.0,,,,30.0,1.1083343011093423,0.11584446169259001
2022-08-15T00:00:00,32,explicit-comms,ucx-1.13.0,1.1742083690433334,40960000000.0,32.0,32.0,40000000.0,1048576.0,0.6000000000000001,0.0,,1.0,0.0,,,,30.0,1.0900961309302015,0.13889277245114826
2022-08-15T00:00:00,32,explicit-comms,ucx-1.14.0,1.1718846309633333,40960000000.0,32.0,32.0,40000000.0,1048576.0,0.6000000000000001,0.0,,1.0,0.0,,,,30.0,1.0922576900319887,0.13390942327754846
2022-08-15T00:00:00,64,dask,ucx-1.12.1,2.1948344143333336,81920000000.0,64.0,64.0,40000000.0,1048576.0,0.6000000000000001,0.0,,1.0,1.0,,,,30.0,0.5831875022739661,0.019052388504001115
2022-08-15T00:00:00,64,explicit-comms,ucx-1.12.1,1.8750835262499999,81920000000.0,64.0,64.0,40000000.0,1048576.0,0.6000000000000001,0.0,,1.0,0.0,,,,30.0,0.6826362570417789,0.09488844453659702
2022-08-15T00:00:00,128,dask,ucx-1.12.1,4.847153847096666,163840000000.0,128.0,128.0,40000000.0,1048576.0,0.6000000000000001,0.0,,1.0,1.0,,,,30.0,0.26407249292627477,0.0018214225161889235
2022-08-15T00:00:00,128,explicit-comms,ucx-1.12.1,3.6702531433633334,163840000000.0,128.0,128.0,40000000.0,1048576.0,0.6000000000000001,0.0,,1.0,0.0,,,,30.0,0.3487497864594261,0.07880930879950986
2022-08-15T00:00:00,256,dask,ucx-1.12.1,10.58239276185,327680000000.0,256.0,256.0,40000000.0,1048576.0,0.6000000000000001,0.0,,1.0,1.0,,,,30.0,0.12095563156703629,0.0006030808655550159
2022-08-15T00:00:00,256,explicit-comms,ucx-1.12.1,6.963791344320001,327680000000.0,256.0,256.0,40000000.0,1048576.0,0.6000000000000001,0.0,,1.0,0.0,,,,30.0,0.1838079196677869,0.05890611781339316
2022-08-22T00:00:00,8,dask,ucx-1.12.1,0.5914524877533334,10240000000.0,8.0,8.0,40000000.0,1048576.0,0.6000000000000001,0.0,,1.0,1.0,,,,30.0,2.16416369277971,0.03588872007207582
2022-08-22T00:00:00,8,dask,ucx-1.13.0,0.5864365948933333,10240000000.0,8.0,8.0,40000000.0,1048576.0,0.6000000000000001,0.0,,1.0,1.0,,,,30.0,2.1826741563302656,0.03742686837458828
2022-08-22T00:00:00,8,dask,ucx-1.14.0,0.57803723613,10240000000.0,8.0,8.0,40000000.0,1048576.0,0.6000000000000001,0.0,,1.0,1.0,,,,30.0,2.214390215705981,0.03479346754641125
2022-08-22T00:00:00,8,explicit-comms,ucx-1.12.1,0.5375741120533333,10240000000.0,8.0,8.0,40000000.0,1048576.0,0.6000000000000001,0.0,,1.0,0.0,,,,30.0,2.381067040432575,0.12019316453514531
2022-08-22T00:00:00,8,explicit-comms,ucx-1.13.0,0.5488357989866667,10240000000.0,8.0,8.0,40000000.0,1048576.0,0.6000000000000001,0.0,,1.0,0.0,,,,30.0,2.3322093827758783,0.1452917991074495
2022-08-22T00:00:00,8,explicit-comms,ucx-1.14.0,0.54809697538,10240000000.0,8.0,8.0,40000000.0,1048576.0,0.6000000000000001,0.0,,1.0,0.0,,,,30.0,2.33535315372351,0.14367750764795095
2022-08-22T00:00:00,16,dask,ucx-1.12.1,0.9085718169766667,20480000000.0,16.0,16.0,40000000.0,1048576.0,0.6000000000000001,0.0,,1.0,1.0,,,,30.0,1.4088044291966764,0.027963514443535772
2022-08-22T00:00:00,16,dask,ucx-1.13.0,0.8967296308466667,20480000000.0,16.0,16.0,40000000.0,1048576.0,0.6000000000000001,0.0,,1.0,1.0,,,,30.0,1.4274090606233905,0.018247379578907853
2022-08-22T00:00:00,16,dask,ucx-1.14.0,0.91273174,20480000000.0,16.0,16.0,40000000.0,1048576.0,0.6000000000000001,0.0,,1.0,1.0,,,,30.0,1.4023835743895574,0.023011931505019557
2022-08-22T00:00:00,16,explicit-comms,ucx-1.12.1,0.7739087719433333,20480000000.0,16.0,16.0,40000000.0,1048576.0,0.6000000000000001,0.0,,1.0,0.0,,,,30.0,1.653941713034005,0.13436644377665835
2022-08-22T00:00:00,16,explicit-comms,ucx-1.13.0,0.7934270181966667,20480000000.0,16.0,16.0,40000000.0,1048576.0,0.6000000000000001,0.0,,1.0,0.0,,,,30.0,1.6132548686194683,0.16681251990655385
2022-08-22T00:00:00,16,explicit-comms,ucx-1.14.0,0.79248779378,20480000000.0,16.0,16.0,40000000.0,1048576.0,0.6000000000000001,0.0,,1.0,0.0,,,,30.0,1.6151668329106619,0.14766547119046866
2022-08-22T00:00:00,32,dask,ucx-1.12.1,1.6506277746033333,40960000000.0,32.0,32.0,40000000.0,1048576.0,0.6000000000000001,0.0,,1.0,1.0,,,,30.0,0.7754625359479365,0.02046815092318356
2022-08-22T00:00:00,32,dask,ucx-1.13.0,1.6233513693533335,40960000000.0,32.0,32.0,40000000.0,1048576.0,0.6000000000000001,0.0,,1.0,1.0,,,,30.0,0.788492266162865,0.013491454172575915
2022-08-22T00:00:00,32,explicit-comms,ucx-1.12.1,1.1458253102766667,40960000000.0,32.0,32.0,40000000.0,1048576.0,0.6000000000000001,0.0,,1.0,0.0,,,,30.0,1.1170987309496037,0.10817688559006336
2022-08-22T00:00:00,32,explicit-comms,ucx-1.13.0,1.1809411383833333,40960000000.0,32.0,32.0,40000000.0,1048576.0,0.6000000000000001,0.0,,1.0,0.0,,,,30.0,1.083881286202185,0.1389472247802438
2022-08-22T00:00:00,64,dask,ucx-1.12.1,2.1232867438666667,81920000000.0,64.0,64.0,40000000.0,1048576.0,0.6000000000000001,0.0,,1.0,1.0,,,,30.0,0.6028389729731101,0.02986447070626896
2022-08-22T00:00:00,64,explicit-comms,ucx-1.12.1,1.6707457808000001,81920000000.0,64.0,64.0,40000000.0,1048576.0,0.6000000000000001,0.0,,1.0,0.0,,,,30.0,0.7661249333738256,0.10701191813654382
2022-08-22T00:00:00,128,dask,ucx-1.12.1,5.06292002958,163840000000.0,128.0,128.0,40000000.0,1048576.0,0.6000000000000001,0.0,,1.0,1.0,,,,30.0,0.2528185301212794,0.001729889394489419
2022-08-22T00:00:00,128,explicit-comms,ucx-1.12.1,3.5887443392,163840000000.0,128.0,128.0,40000000.0,1048576.0,0.6000000000000001,0.0,,1.0,0.0,,,,30.0,0.35667071237661263,0.08292758420987915
2022-08-22T00:00:00,256,dask,ucx-1.12.1,10.73901394902,327680000000.0,256.0,256.0,40000000.0,1048576.0,0.6000000000000001,0.0,,1.0,1.0,,,,30.0,0.11919157625424331,0.0006272253008631214
2022-08-22T00:00:00,256,explicit-comms,ucx-1.12.1,7.380386196983333,327680000000.0,256.0,256.0,40000000.0,1048576.0,0.6000000000000001,0.0,,1.0,0.0,,,,30.0,0.17343265864910815,0.06219423848542561
2022-08-24T00:00:00,8,dask,ucx-1.12.1,0.57008151486,10240000000.0,8.0,8.0,40000000.0,1048576.0,0.6000000000000001,0.0,,1.0,1.0,,,,30.0,2.245292939053358,0.05701839714476424
2022-08-24T00:00:00,8,explicit-comms,ucx-1.12.1,0.5389281165466666,10240000000.0,8.0,8.0,40000000.0,1048576.0,0.6000000000000001,0.0,,1.0,0.0,,,,30.0,2.3750848410024687,0.12443360940437094
2022-08-24T00:00:00,16,dask,ucx-1.12.1,0.9023916333900001,20480000000.0,16.0,16.0,40000000.0,1048576.0,0.6000000000000001,0.0,,1.0,1.0,,,,30.0,1.4184528675110215,0.03476771757724447
2022-08-24T00:00:00,16,explicit-comms,ucx-1.12.1,0.78006628445,20480000000.0,16.0,16.0,40000000.0,1048576.0,0.6000000000000001,0.0,,1.0,0.0,,,,30.0,1.640886198411315,0.12019434461860187
2022-08-24T00:00:00,32,dask,ucx-1.12.1,1.6294199356733334,40960000000.0,32.0,32.0,40000000.0,1048576.0,0.6000000000000001,0.0,,1.0,1.0,,,,30.0,0.785555627482279,0.019703700978847143
2022-08-24T00:00:00,32,explicit-comms,ucx-1.12.1,1.14530054517,40960000000.0,32.0,32.0,40000000.0,1048576.0,0.6000000000000001,0.0,,1.0,0.0,,,,30.0,1.1176105742707092,0.11114829844936785
2022-08-24T00:00:00,64,dask,ucx-1.12.1,2.1858985488,81920000000.0,64.0,64.0,40000000.0,1048576.0,0.6000000000000001,0.0,,1.0,1.0,,,,30.0,0.5855715493761986,0.006858737296291906
2022-08-24T00:00:00,64,explicit-comms,ucx-1.12.1,1.8709915693166665,81920000000.0,64.0,64.0,40000000.0,1048576.0,0.6000000000000001,0.0,,1.0,0.0,,,,30.0,0.6841292184269373,0.094586807113748
2022-08-24T00:00:00,128,dask,ucx-1.12.1,4.8852053775,163840000000.0,128.0,128.0,40000000.0,1048576.0,0.6000000000000001,0.0,,1.0,1.0,,,,30.0,0.2620155962931161,0.002115045361997778
2022-08-24T00:00:00,128,explicit-comms,ucx-1.12.1,3.7129063105333335,163840000000.0,128.0,128.0,40000000.0,1048576.0,0.6000000000000001,0.0,,1.0,0.0,,,,30.0,0.34474341471227077,0.0750501238383775
2022-08-24T00:00:00,256,dask,ucx-1.12.1,10.632171203473332,327680000000.0,256.0,256.0,40000000.0,1048576.0,0.6000000000000001,0.0,,1.0,1.0,,,,30.0,0.12038933304439715,0.0006763314804100892
2022-08-24T00:00:00,256,explicit-comms,ucx-1.12.1,6.89088925064,327680000000.0,256.0,256.0,40000000.0,1048576.0,0.6000000000000001,0.0,,1.0,0.0,,,,30.0,0.1857525137094778,0.05567389239866129
2022-08-30T00:00:00,8,dask,ucx-1.12.1,0.5816130926666667,10240000000.0,8.0,8.0,40000000.0,1048576.0,0.6000000000000001,0.0,,1.0,1.0,,,,30.0,2.200775766809624,0.030240315282761103
2022-08-30T00:00:00,8,dask,ucx-1.13.1,0.5640631545,10240000000.0,8.0,8.0,40000000.0,1048576.0,0.6000000000000001,0.0,,1.0,1.0,,,,30.0,2.2692494444786497,0.026917021500184296
2022-08-30T00:00:00,8,dask,ucx-1.14.0,0.5774378197000001,10240000000.0,8.0,8.0,40000000.0,1048576.0,0.6000000000000001,0.0,,1.0,1.0,,,,30.0,2.2166888907016977,0.03276236113251017
2022-08-30T00:00:00,8,explicit-comms,ucx-1.12.1,0.5398220994033334,10240000000.0,8.0,8.0,40000000.0,1048576.0,0.6000000000000001,0.0,,1.0,0.0,,,,30.0,2.3711515356907156,0.11623654533273253
2022-08-30T00:00:00,8,explicit-comms,ucx-1.13.1,0.5501643772333333,10240000000.0,8.0,8.0,40000000.0,1048576.0,0.6000000000000001,0.0,,1.0,0.0,,,,30.0,2.32657738844682,0.15193502102876988
2022-08-30T00:00:00,8,explicit-comms,ucx-1.14.0,0.5467689865633333,10240000000.0,8.0,8.0,40000000.0,1048576.0,0.6000000000000001,0.0,,1.0,0.0,,,,30.0,2.341025243668854,0.15543030913981484
2022-08-30T00:00:00,16,dask,ucx-1.12.1,0.89955375933,20480000000.0,16.0,16.0,40000000.0,1048576.0,0.6000000000000001,0.0,,1.0,1.0,,,,30.0,1.4229277424768496,0.044214756315367025
2022-08-30T00:00:00,16,dask,ucx-1.13.1,0.8762076243466667,20480000000.0,16.0,16.0,40000000.0,1048576.0,0.6000000000000001,0.0,,1.0,1.0,,,,30.0,1.460840974711235,0.01815861199905457
2022-08-30T00:00:00,16,dask,ucx-1.14.0,0.9002855431666668,20480000000.0,16.0,16.0,40000000.0,1048576.0,0.6000000000000001,0.0,,1.0,1.0,,,,30.0,1.4217711366304118,0.01905768783950579
2022-08-30T00:00:00,16,explicit-comms,ucx-1.12.1,0.7730031753633334,20480000000.0,16.0,16.0,40000000.0,1048576.0,0.6000000000000001,0.0,,1.0,0.0,,,,30.0,1.6558793557327414,0.11777770937021445
2022-08-30T00:00:00,16,explicit-comms,ucx-1.13.1,0.79329779062,20480000000.0,16.0,16.0,40000000.0,1048576.0,0.6000000000000001,0.0,,1.0,0.0,,,,30.0,1.613517666549429,0.1573578718097052
2022-08-30T00:00:00,16,explicit-comms,ucx-1.14.0,0.7785682747300001,20480000000.0,16.0,16.0,40000000.0,1048576.0,0.6000000000000001,0.0,,1.0,0.0,,,,30.0,1.6440433569475863,0.15055842837197778
2022-08-30T00:00:00,32,dask,ucx-1.12.1,1.6088195940466667,40960000000.0,32.0,32.0,40000000.0,1048576.0,0.6000000000000001,0.0,,1.0,1.0,,,,30.0,0.7956143776073823,0.011287714831358287
2022-08-30T00:00:00,32,dask,ucx-1.13.1,1.5970310883266667,40960000000.0,32.0,32.0,40000000.0,1048576.0,0.6000000000000001,0.0,,1.0,1.0,,,,30.0,0.8014872154687702,0.019990344272753875
2022-08-30T00:00:00,32,dask,ucx-1.14.0,1.64897198535,40960000000.0,32.0,32.0,40000000.0,1048576.0,0.6000000000000001,0.0,,1.0,1.0,,,,30.0,0.776241204442485,0.018934708728048987
2022-08-30T00:00:00,32,explicit-comms,ucx-1.12.1,1.1328069898366666,40960000000.0,32.0,32.0,40000000.0,1048576.0,0.6000000000000001,0.0,,1.0,0.0,,,,30.0,1.1299365306569622,0.11211037187690484
2022-08-30T00:00:00,32,explicit-comms,ucx-1.13.1,1.16791984232,40960000000.0,32.0,32.0,40000000.0,1048576.0,0.6000000000000001,0.0,,1.0,0.0,,,,30.0,1.095965625052966,0.14644445278491464
2022-08-30T00:00:00,32,explicit-comms,ucx-1.14.0,1.1966673630333335,40960000000.0,32.0,32.0,40000000.0,1048576.0,0.6000000000000001,0.0,,1.0,0.0,,,,30.0,1.0696372605628965,0.13244620050292819
2022-08-30T00:00:00,64,dask,ucx-1.12.1,2.1938737188033333,81920000000.0,64.0,64.0,40000000.0,1048576.0,0.6000000000000001,0.0,,1.0,1.0,,,,30.0,0.5834428796103116,0.009867779573204555
2022-08-30T00:00:00,64,explicit-comms,ucx-1.12.1,1.8724988365266668,81920000000.0,64.0,64.0,40000000.0,1048576.0,0.6000000000000001,0.0,,1.0,0.0,,,,30.0,0.6835785288787126,0.09138379011335772
2022-08-30T00:00:00,128,dask,ucx-1.12.1,4.939534323999999,163840000000.0,128.0,128.0,40000000.0,1048576.0,0.6000000000000001,0.0,,1.0,1.0,,,,30.0,0.25913373934477796,0.0017012786356768294
2022-08-30T00:00:00,128,explicit-comms,ucx-1.12.1,3.522627802733333,163840000000.0,128.0,128.0,40000000.0,1048576.0,0.6000000000000001,0.0,,1.0,0.0,,,,30.0,0.3633650989204146,0.06844118615028146
2022-08-30T00:00:00,256,dask,ucx-1.12.1,10.453801079006666,327680000000.0,256.0,256.0,40000000.0,1048576.0,0.6000000000000001,0.0,,1.0,1.0,,,,30.0,0.12244350072534833,0.0007761250636777203
2022-08-30T00:00:00,256,explicit-comms,ucx-1.12.1,7.3396637487200005,327680000000.0,256.0,256.0,40000000.0,1048576.0,0.6000000000000001,0.0,,1.0,0.0,,,,30.0,0.17439491015146652,0.05967796486000996
2022-09-05T00:00:00,8,dask,ucx-1.12.1,0.5779366684866667,10240000000.0,8.0,8.0,40000000.0,1048576.0,0.6000000000000001,0.0,,1.0,1.0,,,,30.0,2.2147755451331608,0.03315167348432936
2022-09-05T00:00:00,8,dask,ucx-1.13.1,0.5750489290799999,10240000000.0,8.0,8.0,40000000.0,1048576.0,0.6000000000000001,0.0,,1.0,1.0,,,,30.0,2.2258975458798362,0.051465729710268145
2022-09-05T00:00:00,8,dask,ucx-1.14.0,0.5659041854833333,10240000000.0,8.0,8.0,40000000.0,1048576.0,0.6000000000000001,0.0,,1.0,1.0,,,,30.0,2.2618669959239903,0.03638882392050434
2022-09-05T00:00:00,8,explicit-comms,ucx-1.12.1,0.53784837978,10240000000.0,8.0,8.0,40000000.0,1048576.0,0.6000000000000001,0.0,,1.0,0.0,,,,30.0,2.379852850953214,0.11714323547459718
2022-09-05T00:00:00,8,explicit-comms,ucx-1.13.1,0.5508889988733333,10240000000.0,8.0,8.0,40000000.0,1048576.0,0.6000000000000001,0.0,,1.0,0.0,,,,30.0,2.323517083510161,0.1514959824254002
2022-09-05T00:00:00,8,explicit-comms,ucx-1.14.0,0.5439905436933333,10240000000.0,8.0,8.0,40000000.0,1048576.0,0.6000000000000001,0.0,,1.0,0.0,,,,30.0,2.352982078161971,0.15266903545866686
2022-09-05T00:00:00,16,dask,ucx-1.12.1,0.8819502280333334,20480000000.0,16.0,16.0,40000000.0,1048576.0,0.6000000000000001,0.0,,1.0,1.0,,,,30.0,1.4513290651948472,0.021833895294661794
2022-09-05T00:00:00,16,dask,ucx-1.13.1,0.8810291185133334,20480000000.0,16.0,16.0,40000000.0,1048576.0,0.6000000000000001,0.0,,1.0,1.0,,,,30.0,1.4528464191511605,0.022503467670624017
2022-09-05T00:00:00,16,dask,ucx-1.14.0,0.9015380892000001,20480000000.0,16.0,16.0,40000000.0,1048576.0,0.6000000000000001,0.0,,1.0,1.0,,,,30.0,1.4197958082235178,0.018520209387506103
2022-09-05T00:00:00,16,explicit-comms,ucx-1.12.1,0.76922221618,20480000000.0,16.0,16.0,40000000.0,1048576.0,0.6000000000000001,0.0,,1.0,0.0,,,,30.0,1.664018502165149,0.11470216520476498
2022-09-05T00:00:00,16,explicit-comms,ucx-1.13.1,0.7898614198066667,20480000000.0,16.0,16.0,40000000.0,1048576.0,0.6000000000000001,0.0,,1.0,0.0,,,,30.0,1.6205374359381977,0.14733520877563702
2022-09-05T00:00:00,16,explicit-comms,ucx-1.14.0,0.7879021689566666,20480000000.0,16.0,16.0,40000000.0,1048576.0,0.6000000000000001,0.0,,1.0,0.0,,,,30.0,1.624567173986797,0.13982502973355745
2022-09-05T00:00:00,32,dask,ucx-1.12.1,1.6237599507266667,40960000000.0,32.0,32.0,40000000.0,1048576.0,0.6000000000000001,0.0,,1.0,1.0,,,,30.0,0.7882938604485062,0.011003219777499804
2022-09-05T00:00:00,32,dask,ucx-1.13.1,1.6637569133499999,40960000000.0,32.0,32.0,40000000.0,1048576.0,0.6000000000000001,0.0,,1.0,1.0,,,,30.0,0.7693431592856317,0.010345571181934299
2022-09-05T00:00:00,32,explicit-comms,ucx-1.12.1,1.1304754837966666,40960000000.0,32.0,32.0,40000000.0,1048576.0,0.6000000000000001,0.0,,1.0,0.0,,,,30.0,1.1322669251536175,0.11119240498989695
2022-09-05T00:00:00,32,explicit-comms,ucx-1.13.1,1.1676785533233334,40960000000.0,32.0,32.0,40000000.0,1048576.0,0.6000000000000001,0.0,,1.0,0.0,,,,30.0,1.096192095296251,0.15024846495071636
2022-09-05T00:00:00,64,dask,ucx-1.12.1,2.16219261419,81920000000.0,64.0,64.0,40000000.0,1048576.0,0.6000000000000001,0.0,,1.0,1.0,,,,30.0,0.591991662352206,0.00806092470811924
2022-09-05T00:00:00,64,dask,ucx-1.14.0,2.2375650380466667,81920000000.0,64.0,64.0,40000000.0,1048576.0,0.6000000000000001,0.0,,1.0,1.0,,,,30.0,0.5720504111547099,0.023615869468018483
2022-09-05T00:00:00,64,explicit-comms,ucx-1.12.1,1.8728759485533333,81920000000.0,64.0,64.0,40000000.0,1048576.0,0.6000000000000001,0.0,,1.0,0.0,,,,30.0,0.6834408872561535,0.09481515251154053
2022-09-05T00:00:00,64,explicit-comms,ucx-1.14.0,1.8891650558233333,81920000000.0,64.0,64.0,40000000.0,1048576.0,0.6000000000000001,0.0,,1.0,0.0,,,,30.0,0.6775479972247062,0.11553567487254421
2022-09-05T00:00:00,128,dask,ucx-1.12.1,4.889802580573333,163840000000.0,128.0,128.0,40000000.0,1048576.0,0.6000000000000001,0.0,,1.0,1.0,,,,30.0,0.261769259373641,0.0015281798167842322
2022-09-05T00:00:00,128,dask,ucx-1.14.0,4.821281313063333,163840000000.0,128.0,128.0,40000000.0,1048576.0,0.6000000000000001,0.0,,1.0,1.0,,,,30.0,0.26548959019085255,0.002225303752858156
2022-09-05T00:00:00,128,explicit-comms,ucx-1.12.1,3.3835359210000004,163840000000.0,128.0,128.0,40000000.0,1048576.0,0.6000000000000001,0.0,,1.0,0.0,,,,30.0,0.37830247110889165,0.08458058061817543
2022-09-05T00:00:00,128,explicit-comms,ucx-1.14.0,3.3340037829666667,163840000000.0,128.0,128.0,40000000.0,1048576.0,0.6000000000000001,0.0,,1.0,0.0,,,,30.0,0.38392277973392963,0.07230656802129179
2022-09-05T00:00:00,256,dask,ucx-1.12.1,10.592381509143333,327680000000.0,256.0,256.0,40000000.0,1048576.0,0.6000000000000001,0.0,,1.0,1.0,,,,30.0,0.12084156890450984,0.0007414825575254037
2022-09-05T00:00:00,256,dask,ucx-1.14.0,10.38790962542,327680000000.0,256.0,256.0,40000000.0,1048576.0,0.6000000000000001,0.0,,1.0,1.0,,,,30.0,0.1232201709637272,0.0010006842179499133
2022-09-05T00:00:00,256,explicit-comms,ucx-1.12.1,7.256740131723333,327680000000.0,256.0,256.0,40000000.0,1048576.0,0.6000000000000001,0.0,,1.0,0.0,,,,30.0,0.17638774115727163,0.06038890497448041
2022-09-05T00:00:00,256,explicit-comms,ucx-1.14.0,6.20158287464,327680000000.0,256.0,256.0,40000000.0,1048576.0,0.6000000000000001,0.0,,1.0,0.0,,,,30.0,0.20639891877189556,0.04616674454746288
2022-09-12T00:00:00,8,dask,ucx-1.12.1,0.7799986986699999,10240000000.0,8.0,8.0,40000000.0,1048576.0,0.6000000000000001,0.0,,1.0,1.0,,,,30.0,1.641028378871103,0.03257001609887854
2022-09-12T00:00:00,8,dask,ucx-1.13.1,0.7832580042966667,10240000000.0,8.0,8.0,40000000.0,1048576.0,0.6000000000000001,0.0,,1.0,1.0,,,,30.0,1.6341997055611157,0.03625577472472387
2022-09-12T00:00:00,8,dask,ucx-1.14.0,0.7829126391533333,10240000000.0,8.0,8.0,40000000.0,1048576.0,0.6000000000000001,0.0,,1.0,1.0,,,,30.0,1.634920597762009,0.0399563403424091
2022-09-12T00:00:00,8,explicit-comms,ucx-1.12.1,0.5375119429366666,10240000000.0,8.0,8.0,40000000.0,1048576.0,0.6000000000000001,0.0,,1.0,0.0,,,,30.0,2.3813424367964577,0.12017865613794095
2022-09-12T00:00:00,8,explicit-comms,ucx-1.13.1,0.54840526438,10240000000.0,8.0,8.0,40000000.0,1048576.0,0.6000000000000001,0.0,,1.0,0.0,,,,30.0,2.3340403222553032,0.15516980439653294
2022-09-12T00:00:00,8,explicit-comms,ucx-1.14.0,0.5519935907133334,10240000000.0,8.0,8.0,40000000.0,1048576.0,0.6000000000000001,0.0,,1.0,0.0,,,,30.0,2.3188675041423474,0.1431136689381787
2022-09-12T00:00:00,16,dask,ucx-1.12.1,1.2696963007000002,20480000000.0,16.0,16.0,40000000.0,1048576.0,0.6000000000000001,0.0,,1.0,1.0,,,,30.0,1.008115089643342,0.01848846920405979
2022-09-12T00:00:00,16,dask,ucx-1.13.1,1.2558539811,20480000000.0,16.0,16.0,40000000.0,1048576.0,0.6000000000000001,0.0,,1.0,1.0,,,,30.0,1.0192267725893185,0.013202853094383415
2022-09-12T00:00:00,16,dask,ucx-1.14.0,1.2770426340999999,20480000000.0,16.0,16.0,40000000.0,1048576.0,0.6000000000000001,0.0,,1.0,1.0,,,,30.0,1.0023157926141473,0.013979484276449723
2022-09-12T00:00:00,16,explicit-comms,ucx-1.12.1,0.7896450181666667,20480000000.0,16.0,16.0,40000000.0,1048576.0,0.6000000000000001,0.0,,1.0,0.0,,,,30.0,1.6209815430379078,0.10902149099231669
2022-09-12T00:00:00,16,explicit-comms,ucx-1.13.1,0.8179096741333335,20480000000.0,16.0,16.0,40000000.0,1048576.0,0.6000000000000001,0.0,,1.0,0.0,,,,30.0,1.5649649838856625,0.13864683432068492
2022-09-12T00:00:00,16,explicit-comms,ucx-1.14.0,0.8110393072333334,20480000000.0,16.0,16.0,40000000.0,1048576.0,0.6000000000000001,0.0,,1.0,0.0,,,,30.0,1.5782219043937755,0.13484883410595178
2022-09-12T00:00:00,32,dask,ucx-1.12.1,1.62764057588,40960000000.0,32.0,32.0,40000000.0,1048576.0,0.6000000000000001,0.0,,1.0,1.0,,,,30.0,0.786414408050718,0.015658369094686354
2022-09-12T00:00:00,32,dask,ucx-1.13.1,1.6459904287266667,40960000000.0,32.0,32.0,40000000.0,1048576.0,0.6000000000000001,0.0,,1.0,1.0,,,,30.0,0.7776472922690104,0.009677573353799604
2022-09-12T00:00:00,32,dask,ucx-1.14.0,1.6599452087366666,40960000000.0,32.0,32.0,40000000.0,1048576.0,0.6000000000000001,0.0,,1.0,1.0,,,,30.0,0.7711097892045297,0.011087854289543139
2022-09-12T00:00:00,32,explicit-comms,ucx-1.12.1,1.13240498,40960000000.0,32.0,32.0,40000000.0,1048576.0,0.6000000000000001,0.0,,1.0,0.0,,,,30.0,1.1303376641808833,0.1191075047611264
2022-09-12T00:00:00,32,explicit-comms,ucx-1.13.1,1.15832729197,40960000000.0,32.0,32.0,40000000.0,1048576.0,0.6000000000000001,0.0,,1.0,0.0,,,,30.0,1.1050417346405332,0.1489632685915785
2022-09-12T00:00:00,32,explicit-comms,ucx-1.14.0,1.1725463465700001,40960000000.0,32.0,32.0,40000000.0,1048576.0,0.6000000000000001,0.0,,1.0,0.0,,,,30.0,1.0916412845806305,0.14208604334621888
2022-09-12T00:00:00,64,dask,ucx-1.12.1,2.5708995917166666,81920000000.0,64.0,64.0,40000000.0,1048576.0,0.6000000000000001,0.0,,1.0,1.0,,,,30.0,0.49788019887050733,0.010251658781843417
2022-09-12T00:00:00,64,dask,ucx-1.14.0,2.716352827286667,81920000000.0,64.0,64.0,40000000.0,1048576.0,0.6000000000000001,0.0,,1.0,1.0,,,,30.0,0.47122008125821313,0.025910311814019087
2022-09-12T00:00:00,64,explicit-comms,ucx-1.12.1,1.9028927318733333,81920000000.0,64.0,64.0,40000000.0,1048576.0,0.6000000000000001,0.0,,1.0,0.0,,,,30.0,0.6726600919537294,0.0970177473559211
2022-09-12T00:00:00,64,explicit-comms,ucx-1.14.0,1.8779805769466666,81920000000.0,64.0,64.0,40000000.0,1048576.0,0.6000000000000001,0.0,,1.0,0.0,,,,30.0,0.6815831940504414,0.10340660473654761
2022-09-12T00:00:00,128,dask,ucx-1.12.1,5.187012129663333,163840000000.0,128.0,128.0,40000000.0,1048576.0,0.6000000000000001,0.0,,1.0,1.0,,,,30.0,0.24677019602093728,0.0020849270162635325
2022-09-12T00:00:00,128,dask,ucx-1.14.0,5.27402012296,163840000000.0,128.0,128.0,40000000.0,1048576.0,0.6000000000000001,0.0,,1.0,1.0,,,,30.0,0.24269911190282126,0.0025585340045363655
2022-09-12T00:00:00,128,explicit-comms,ucx-1.12.1,3.4251803204666667,163840000000.0,128.0,128.0,40000000.0,1048576.0,0.6000000000000001,0.0,,1.0,0.0,,,,30.0,0.3737029529077773,0.06734877224510481
2022-09-12T00:00:00,128,explicit-comms,ucx-1.14.0,3.4996423977533335,163840000000.0,128.0,128.0,40000000.0,1048576.0,0.6000000000000001,0.0,,1.0,0.0,,,,30.0,0.3657516553181896,0.06260612083730342
2022-09-20T00:00:00,8,dask,ucx-1.12.1,0.7818156858333334,10240000000.0,8.0,8.0,40000000.0,1048576.0,0.6000000000000001,0.0,,1.0,1.0,,,,30.0,1.6372145291964233,0.03173568361159682
2022-09-20T00:00:00,8,dask,ucx-1.13.1,0.7767113946333334,10240000000.0,8.0,8.0,40000000.0,1048576.0,0.6000000000000001,0.0,,1.0,1.0,,,,30.0,1.6479737632846974,0.024669472220824627
2022-09-20T00:00:00,8,dask,ucx-1.14.0,0.7663311765,10240000000.0,8.0,8.0,40000000.0,1048576.0,0.6000000000000001,0.0,,1.0,1.0,,,,30.0,1.670296132079653,0.026738973198717184
2022-09-20T00:00:00,8,explicit-comms,ucx-1.12.1,0.5381723527666668,10240000000.0,8.0,8.0,40000000.0,1048576.0,0.6000000000000001,0.0,,1.0,0.0,,,,30.0,2.3784202094732367,0.13641463781416927
2022-09-20T00:00:00,8,explicit-comms,ucx-1.13.1,0.5465042466,10240000000.0,8.0,8.0,40000000.0,1048576.0,0.6000000000000001,0.0,,1.0,0.0,,,,30.0,2.3421592932961484,0.1527582972224156
2022-09-20T00:00:00,8,explicit-comms,ucx-1.14.0,0.5434744941333334,10240000000.0,8.0,8.0,40000000.0,1048576.0,0.6000000000000001,0.0,,1.0,0.0,,,,30.0,2.3552163235207337,0.14767005088095853
2022-09-20T00:00:00,16,dask,ucx-1.12.1,1.2852785925,20480000000.0,16.0,16.0,40000000.0,1048576.0,0.6000000000000001,0.0,,1.0,1.0,,,,30.0,0.9958930363185053,0.01291234812883909
2022-09-20T00:00:00,16,dask,ucx-1.13.1,1.31722396864,20480000000.0,16.0,16.0,40000000.0,1048576.0,0.6000000000000001,0.0,,1.0,1.0,,,,30.0,0.9717405926962954,0.011236066256974507
2022-09-20T00:00:00,16,dask,ucx-1.14.0,1.2952210321,20480000000.0,16.0,16.0,40000000.0,1048576.0,0.6000000000000001,0.0,,1.0,1.0,,,,30.0,0.9882483130502278,0.015808780705408317
2022-09-20T00:00:00,16,explicit-comms,ucx-1.12.1,0.7853281572666667,20480000000.0,16.0,16.0,40000000.0,1048576.0,0.6000000000000001,0.0,,1.0,0.0,,,,30.0,1.6298918969810505,0.11891695295223623
2022-09-20T00:00:00,16,explicit-comms,ucx-1.13.1,0.8026304578266666,20480000000.0,16.0,16.0,40000000.0,1048576.0,0.6000000000000001,0.0,,1.0,0.0,,,,30.0,1.5947563259260518,0.15590940250811264
2022-09-20T00:00:00,16,explicit-comms,ucx-1.14.0,0.7756466846666668,20480000000.0,16.0,16.0,40000000.0,1048576.0,0.6000000000000001,0.0,,1.0,0.0,,,,30.0,1.6502358938723218,0.13532515814128052
2022-09-20T00:00:00,32,dask,ucx-1.12.1,1.6421042786666669,40960000000.0,32.0,32.0,40000000.0,1048576.0,0.6000000000000001,0.0,,1.0,1.0,,,,30.0,0.7794876468133416,0.018127820656874995
2022-09-20T00:00:00,32,dask,ucx-1.13.1,1.6466372778,40960000000.0,32.0,32.0,40000000.0,1048576.0,0.6000000000000001,0.0,,1.0,1.0,,,,30.0,0.7773418088227371,0.013375517900466616
2022-09-20T00:00:00,32,dask,ucx-1.14.0,1.6619756198,40960000000.0,32.0,32.0,40000000.0,1048576.0,0.6000000000000001,0.0,,1.0,1.0,,,,30.0,0.7701677357662045,0.024406067186623397
2022-09-20T00:00:00,32,explicit-comms,ucx-1.12.1,1.1447001688666667,40960000000.0,32.0,32.0,40000000.0,1048576.0,0.6000000000000001,0.0,,1.0,0.0,,,,30.0,1.1181967425297836,0.13225219293602655
2022-09-20T00:00:00,32,explicit-comms,ucx-1.13.1,1.1690633896333333,40960000000.0,32.0,32.0,40000000.0,1048576.0,0.6000000000000001,0.0,,1.0,0.0,,,,30.0,1.0948935800662278,0.15216149232302278
2022-09-20T00:00:00,64,dask,ucx-1.12.1,2.479601434146667,81920000000.0,64.0,64.0,40000000.0,1048576.0,0.6000000000000001,0.0,,1.0,1.0,,,,30.0,0.5162119937394297,0.010204156861968055
2022-09-20T00:00:00,64,dask,ucx-1.14.0,2.52126952093,81920000000.0,64.0,64.0,40000000.0,1048576.0,0.6000000000000001,0.0,,1.0,1.0,,,,30.0,0.5076807494693614,0.008962340692696205
2022-09-20T00:00:00,64,explicit-comms,ucx-1.12.1,1.88071149252,81920000000.0,64.0,64.0,40000000.0,1048576.0,0.6000000000000001,0.0,,1.0,0.0,,,,30.0,0.6805934908628142,0.09181496719975432
2022-09-20T00:00:00,64,explicit-comms,ucx-1.14.0,1.8785459596266667,81920000000.0,64.0,64.0,40000000.0,1048576.0,0.6000000000000001,0.0,,1.0,0.0,,,,30.0,0.6813780591529319,0.10343342352193412
2022-09-20T00:00:00,128,dask,ucx-1.12.1,5.2564174370500005,163840000000.0,128.0,128.0,40000000.0,1048576.0,0.6000000000000001,0.0,,1.0,1.0,,,,30.0,0.2435118624669885,0.0028609773084284913
2022-09-20T00:00:00,128,dask,ucx-1.14.0,5.639596373200001,163840000000.0,128.0,128.0,40000000.0,1048576.0,0.6000000000000001,0.0,,1.0,1.0,,,,30.0,0.22696659748252634,0.01542625880008032
2022-09-20T00:00:00,128,explicit-comms,ucx-1.12.1,3.6269247775233335,163840000000.0,128.0,128.0,40000000.0,1048576.0,0.6000000000000001,0.0,,1.0,0.0,,,,30.0,0.35291605933830683,0.0725052833492118
2022-09-20T00:00:00,128,explicit-comms,ucx-1.14.0,3.5829629524166666,163840000000.0,128.0,128.0,40000000.0,1048576.0,0.6000000000000001,0.0,,1.0,0.0,,,,30.0,0.3572462280517455,0.06487924548914134
2022-09-26T00:00:00,8,dask,ucx-1.12.1,0.8001235496666668,10240000000.0,8.0,8.0,40000000.0,1048576.0,0.6000000000000001,0.0,,1.0,1.0,,,,30.0,1.5997529388220748,0.04179369287961009
2022-09-26T00:00:00,8,dask,ucx-1.13.1,0.7716914216566667,10240000000.0,8.0,8.0,40000000.0,1048576.0,0.6000000000000001,0.0,,1.0,1.0,,,,30.0,1.6586940894743873,0.02551687324796616
2022-09-26T00:00:00,8,dask,ucx-1.14.0,0.7627316160733334,10240000000.0,8.0,8.0,40000000.0,1048576.0,0.6000000000000001,0.0,,1.0,1.0,,,,30.0,1.6781787630485916,0.032468605027850594
2022-09-26T00:00:00,8,explicit-comms,ucx-1.12.1,0.5406564093366667,10240000000.0,8.0,8.0,40000000.0,1048576.0,0.6000000000000001,0.0,,1.0,0.0,,,,30.0,2.367492510761939,0.1220388063939144
2022-09-26T00:00:00,8,explicit-comms,ucx-1.13.1,0.5537763650599999,10240000000.0,8.0,8.0,40000000.0,1048576.0,0.6000000000000001,0.0,,1.0,0.0,,,,30.0,2.311402365215272,0.17539463653533588
2022-09-26T00:00:00,8,explicit-comms,ucx-1.14.0,0.54953416342,10240000000.0,8.0,8.0,40000000.0,1048576.0,0.6000000000000001,0.0,,1.0,0.0,,,,30.0,2.3292455414127122,0.15547866515841155
2022-09-26T00:00:00,16,dask,ucx-1.12.1,1.3078682274933333,20480000000.0,16.0,16.0,40000000.0,1048576.0,0.6000000000000001,0.0,,1.0,1.0,,,,30.0,0.9786918690220453,0.010405964761009629
2022-09-26T00:00:00,16,dask,ucx-1.13.1,1.2906522756033332,20480000000.0,16.0,16.0,40000000.0,1048576.0,0.6000000000000001,0.0,,1.0,1.0,,,,30.0,0.9917465952645116,0.015097526045491621
2022-09-26T00:00:00,16,dask,ucx-1.14.0,1.2960945818533331,20480000000.0,16.0,16.0,40000000.0,1048576.0,0.6000000000000001,0.0,,1.0,1.0,,,,30.0,0.9875822474079636,0.008606353038813993
2022-09-26T00:00:00,16,explicit-comms,ucx-1.12.1,0.7790390175133334,20480000000.0,16.0,16.0,40000000.0,1048576.0,0.6000000000000001,0.0,,1.0,0.0,,,,30.0,1.6430499259019364,0.11191237042466136
2022-09-26T00:00:00,16,explicit-comms,ucx-1.13.1,0.81550264331,20480000000.0,16.0,16.0,40000000.0,1048576.0,0.6000000000000001,0.0,,1.0,0.0,,,,30.0,1.5695841215237223,0.1514112470894221
2022-09-26T00:00:00,16,explicit-comms,ucx-1.14.0,0.7998822252433334,20480000000.0,16.0,16.0,40000000.0,1048576.0,0.6000000000000001,0.0,,1.0,0.0,,,,30.0,1.6002355841956724,0.1340464393637219
2022-09-26T00:00:00,32,dask,ucx-1.12.1,1.63653730009,40960000000.0,32.0,32.0,40000000.0,1048576.0,0.6000000000000001,0.0,,1.0,1.0,,,,30.0,0.7821392154823527,0.019315094896466295
2022-09-26T00:00:00,32,dask,ucx-1.13.1,1.6380963101866668,40960000000.0,32.0,32.0,40000000.0,1048576.0,0.6000000000000001,0.0,,1.0,1.0,,,,30.0,0.7813948374342774,0.019719476003612416
2022-09-26T00:00:00,32,dask,ucx-1.14.0,1.6263155759833334,40960000000.0,32.0,32.0,40000000.0,1048576.0,0.6000000000000001,0.0,,1.0,1.0,,,,30.0,0.7870551194998315,0.012890264625977872
2022-09-26T00:00:00,32,explicit-comms,ucx-1.12.1,1.14295291097,40960000000.0,32.0,32.0,40000000.0,1048576.0,0.6000000000000001,0.0,,1.0,0.0,,,,30.0,1.1199061551133291,0.11609252397511442
2022-09-26T00:00:00,32,explicit-comms,ucx-1.13.1,1.1400319821633333,40960000000.0,32.0,32.0,40000000.0,1048576.0,0.6000000000000001,0.0,,1.0,0.0,,,,30.0,1.122775518605243,0.15021241277004974
2022-09-26T00:00:00,32,explicit-comms,ucx-1.14.0,1.1657897884166668,40960000000.0,32.0,32.0,40000000.0,1048576.0,0.6000000000000001,0.0,,1.0,0.0,,,,30.0,1.097968100868725,0.1373531592551239
2022-09-26T00:00:00,64,dask,ucx-1.12.1,2.53358458439,81920000000.0,64.0,64.0,40000000.0,1048576.0,0.6000000000000001,0.0,,1.0,1.0,,,,30.0,0.5052130518500846,0.007562884761244257
2022-09-26T00:00:00,64,dask,ucx-1.14.0,2.5743633327866666,81920000000.0,64.0,64.0,40000000.0,1048576.0,0.6000000000000001,0.0,,1.0,1.0,,,,30.0,0.49721031359409573,0.00923019941280022
2022-09-26T00:00:00,64,explicit-comms,ucx-1.12.1,1.86958611734,81920000000.0,64.0,64.0,40000000.0,1048576.0,0.6000000000000001,0.0,,1.0,0.0,,,,30.0,0.6846435091319311,0.09489392428366036
2022-09-26T00:00:00,64,explicit-comms,ucx-1.14.0,1.9017306682233333,81920000000.0,64.0,64.0,40000000.0,1048576.0,0.6000000000000001,0.0,,1.0,0.0,,,,30.0,0.6730711248379997,0.10287797574370387
2022-09-26T00:00:00,128,dask,ucx-1.12.1,5.30798633764,163840000000.0,128.0,128.0,40000000.0,1048576.0,0.6000000000000001,0.0,,1.0,1.0,,,,30.0,0.24114606153434534,0.003980251946948592
2022-09-26T00:00:00,128,dask,ucx-1.14.0,5.229053372539999,163840000000.0,128.0,128.0,40000000.0,1048576.0,0.6000000000000001,0.0,,1.0,1.0,,,,30.0,0.24478617998466579,0.002464161054694297
2022-09-26T00:00:00,128,explicit-comms,ucx-1.12.1,3.51402158885,163840000000.0,128.0,128.0,40000000.0,1048576.0,0.6000000000000001,0.0,,1.0,0.0,,,,30.0,0.36425501882556527,0.07399754189256436
2022-09-26T00:00:00,128,explicit-comms,ucx-1.14.0,3.5232663765366667,163840000000.0,128.0,128.0,40000000.0,1048576.0,0.6000000000000001,0.0,,1.0,0.0,,,,30.0,0.36329924087608334,0.06124694179822381
2022-09-30T00:00:00,8,dask,ucx-1.12.1,0.5807148508100001,10240000000.0,8.0,8.0,40000000.0,1048576.0,0.6000000000000001,0.0,,1.0,1.0,,,,30.0,2.204179896922929,0.03512329389812758
2022-09-30T00:00:00,8,dask,ucx-1.13.1,0.5745418215533333,10240000000.0,8.0,8.0,40000000.0,1048576.0,0.6000000000000001,0.0,,1.0,1.0,,,,30.0,2.2278621885860064,0.05021808970212504
2022-09-30T00:00:00,8,explicit-comms,ucx-1.12.1,0.5367455168766667,10240000000.0,8.0,8.0,40000000.0,1048576.0,0.6000000000000001,0.0,,1.0,0.0,,,,30.0,2.384742787323771,0.1188623799884109
2022-09-30T00:00:00,8,explicit-comms,ucx-1.13.1,0.55027342391,10240000000.0,8.0,8.0,40000000.0,1048576.0,0.6000000000000001,0.0,,1.0,0.0,,,,30.0,2.3261163348665552,0.15548247548725352
2022-09-30T00:00:00,16,dask,ucx-1.12.1,0.9042571190666667,20480000000.0,16.0,16.0,40000000.0,1048576.0,0.6000000000000001,0.0,,1.0,1.0,,,,30.0,1.4155265941629058,0.02711863630278044
2022-09-30T00:00:00,16,dask,ucx-1.13.1,0.8834009688666667,20480000000.0,16.0,16.0,40000000.0,1048576.0,0.6000000000000001,0.0,,1.0,1.0,,,,30.0,1.4489456601367987,0.017720457850542017
2022-09-30T00:00:00,16,explicit-comms,ucx-1.12.1,0.7694884969866667,20480000000.0,16.0,16.0,40000000.0,1048576.0,0.6000000000000001,0.0,,1.0,0.0,,,,30.0,1.6634426700496587,0.1128336189692492
2022-09-30T00:00:00,16,explicit-comms,ucx-1.13.1,0.7990332062666667,20480000000.0,16.0,16.0,40000000.0,1048576.0,0.6000000000000001,0.0,,1.0,0.0,,,,30.0,1.601935927019304,0.15956715224681584
2022-09-30T00:00:00,32,dask,ucx-1.12.1,1.6951410809666667,40960000000.0,32.0,32.0,40000000.0,1048576.0,0.6000000000000001,0.0,,1.0,1.0,,,,30.0,0.7550993922405979,0.012562439861024982
2022-09-30T00:00:00,32,explicit-comms,ucx-1.12.1,1.1412783375233333,40960000000.0,32.0,32.0,40000000.0,1048576.0,0.6000000000000001,0.0,,1.0,0.0,,,,30.0,1.1215493696110135,0.11326883711764227
2022-09-30T00:00:00,64,dask,ucx-1.12.1,2.281565547,81920000000.0,64.0,64.0,40000000.0,1048576.0,0.6000000000000001,0.0,,1.0,1.0,,,,30.0,0.561018289254523,0.006873850705548722
2022-09-30T00:00:00,64,explicit-comms,ucx-1.12.1,1.8965440438799999,81920000000.0,64.0,64.0,40000000.0,1048576.0,0.6000000000000001,0.0,,1.0,0.0,,,,30.0,0.6749118240256324,0.09044992048421549
2022-09-30T00:00:00,128,dask,ucx-1.12.1,5.129606508603333,163840000000.0,128.0,128.0,40000000.0,1048576.0,0.6000000000000001,0.0,,1.0,1.0,,,,30.0,0.2495318106473069,0.0014834597653435974
2022-09-30T00:00:00,128,explicit-comms,ucx-1.12.1,3.4580188463866666,163840000000.0,128.0,128.0,40000000.0,1048576.0,0.6000000000000001,0.0,,1.0,0.0,,,,30.0,0.3701541422590829,0.06317084951016551
2022-10-10T00:00:00,8,dask,ucx-1.12.1,0.5851922714266667,10240000000.0,8.0,8.0,40000000.0,1048576.0,0.6000000000000001,0.0,,1.0,1.0,,,,30.0,2.187315285076186,0.0440825648786535
2022-10-10T00:00:00,8,dask,ucx-1.13.1,0.5903191239866667,10240000000.0,8.0,8.0,40000000.0,1048576.0,0.6000000000000001,0.0,,1.0,1.0,,,,30.0,2.1683187076095995,0.04143739538109595
2022-10-10T00:00:00,8,dask,ucx-1.14.0,0.5844026103933333,10240000000.0,8.0,8.0,40000000.0,1048576.0,0.6000000000000001,0.0,,1.0,1.0,,,,30.0,2.1902708462210554,0.03440881882361226
2022-10-10T00:00:00,8,explicit-comms,ucx-1.12.1,0.5389153068100001,10240000000.0,8.0,8.0,40000000.0,1048576.0,0.6000000000000001,0.0,,1.0,0.0,,,,30.0,2.3751412955343594,0.1193345116393447
2022-10-10T00:00:00,8,explicit-comms,ucx-1.13.1,0.5492503174866668,10240000000.0,8.0,8.0,40000000.0,1048576.0,0.6000000000000001,0.0,,1.0,0.0,,,,30.0,2.33044926738904,0.14702373817749423
2022-10-10T00:00:00,8,explicit-comms,ucx-1.14.0,0.54650309228,10240000000.0,8.0,8.0,40000000.0,1048576.0,0.6000000000000001,0.0,,1.0,0.0,,,,30.0,2.342164240388587,0.14153780290757978
2022-10-10T00:00:00,16,dask,ucx-1.12.1,0.8843105463233333,20480000000.0,16.0,16.0,40000000.0,1048576.0,0.6000000000000001,0.0,,1.0,1.0,,,,30.0,1.4474553145632048,0.022827990659908287
2022-10-10T00:00:00,16,dask,ucx-1.13.1,0.9021572904166668,20480000000.0,16.0,16.0,40000000.0,1048576.0,0.6000000000000001,0.0,,1.0,1.0,,,,30.0,1.4188213226197224,0.023657590546573848
2022-10-10T00:00:00,16,dask,ucx-1.14.0,0.8937688969766667,20480000000.0,16.0,16.0,40000000.0,1048576.0,0.6000000000000001,0.0,,1.0,1.0,,,,30.0,1.4321375518099015,0.023034683563552944
2022-10-10T00:00:00,16,explicit-comms,ucx-1.12.1,0.7793790721466667,20480000000.0,16.0,16.0,40000000.0,1048576.0,0.6000000000000001,0.0,,1.0,0.0,,,,30.0,1.6423330388824249,0.11842085586719742
2022-10-10T00:00:00,16,explicit-comms,ucx-1.13.1,0.7955184203000001,20480000000.0,16.0,16.0,40000000.0,1048576.0,0.6000000000000001,0.0,,1.0,0.0,,,,30.0,1.609013653659077,0.15036790837388506
2022-10-10T00:00:00,16,explicit-comms,ucx-1.14.0,0.7879545710233333,20480000000.0,16.0,16.0,40000000.0,1048576.0,0.6000000000000001,0.0,,1.0,0.0,,,,30.0,1.6244591339036676,0.1538298028291151
2022-10-10T00:00:00,32,dask,ucx-1.12.1,1.6240273248533335,40960000000.0,32.0,32.0,40000000.0,1048576.0,0.6000000000000001,0.0,,1.0,1.0,,,,30.0,0.78816407852965,0.0093815982401049
2022-10-10T00:00:00,32,dask,ucx-1.13.1,1.69713244707,40960000000.0,32.0,32.0,40000000.0,1048576.0,0.6000000000000001,0.0,,1.0,1.0,,,,30.0,0.7542133804641148,0.014936233468720125
2022-10-10T00:00:00,32,dask,ucx-1.14.0,1.6659891029733334,40960000000.0,32.0,32.0,40000000.0,1048576.0,0.6000000000000001,0.0,,1.0,1.0,,,,30.0,0.7683123483314213,0.008181270403215734
2022-10-10T00:00:00,32,explicit-comms,ucx-1.12.1,1.1344977414166666,40960000000.0,32.0,32.0,40000000.0,1048576.0,0.6000000000000001,0.0,,1.0,0.0,,,,30.0,1.1282525766879379,0.11073781127337914
2022-10-10T00:00:00,32,explicit-comms,ucx-1.13.1,1.1644796906333332,40960000000.0,32.0,32.0,40000000.0,1048576.0,0.6000000000000001,0.0,,1.0,0.0,,,,30.0,1.0992033697932833,0.13880802436924697
2022-10-10T00:00:00,32,explicit-comms,ucx-1.14.0,1.1893113415933334,40960000000.0,32.0,32.0,40000000.0,1048576.0,0.6000000000000001,0.0,,1.0,0.0,,,,30.0,1.0762530846507947,0.1339605686799205
2022-10-10T00:00:00,64,dask,ucx-1.12.1,2.274056202726667,81920000000.0,64.0,64.0,40000000.0,1048576.0,0.6000000000000001,0.0,,1.0,1.0,,,,30.0,0.562870872964898,0.004710295823240867
2022-10-10T00:00:00,64,dask,ucx-1.14.0,2.26445311034,81920000000.0,64.0,64.0,40000000.0,1048576.0,0.6000000000000001,0.0,,1.0,1.0,,,,30.0,0.5652578956725725,0.008485012940945981
2022-10-10T00:00:00,64,explicit-comms,ucx-1.12.1,1.86077276052,81920000000.0,64.0,64.0,40000000.0,1048576.0,0.6000000000000001,0.0,,1.0,0.0,,,,30.0,0.6878862519689397,0.09781355597859868
2022-10-10T00:00:00,64,explicit-comms,ucx-1.14.0,1.8727037703633334,81920000000.0,64.0,64.0,40000000.0,1048576.0,0.6000000000000001,0.0,,1.0,0.0,,,,30.0,0.6835037234701888,0.11082149491217493
2022-10-10T00:00:00,128,dask,ucx-1.12.1,5.14984134982,163840000000.0,128.0,128.0,40000000.0,1048576.0,0.6000000000000001,0.0,,1.0,1.0,,,,30.0,0.24855134615840918,0.0015559227934042888
2022-10-10T00:00:00,128,dask,ucx-1.14.0,5.1592152747233335,163840000000.0,128.0,128.0,40000000.0,1048576.0,0.6000000000000001,0.0,,1.0,1.0,,,,30.0,0.2480997461515387,0.0018203170600874072
2022-10-10T00:00:00,128,explicit-comms,ucx-1.12.1,3.5385023713733332,163840000000.0,128.0,128.0,40000000.0,1048576.0,0.6000000000000001,0.0,,1.0,0.0,,,,30.0,0.3617349561089082,0.0741117210937846
2022-10-10T00:00:00,128,explicit-comms,ucx-1.14.0,3.5163837821033335,163840000000.0,128.0,128.0,40000000.0,1048576.0,0.6000000000000001,0.0,,1.0,0.0,,,,30.0,0.364010324047839,0.0630709492383619
2022-10-18T00:00:00,8,dask,ucx-1.12.1,0.5749378957566668,10240000000.0,8.0,8.0,40000000.0,1048576.0,0.6000000000000001,0.0,,1.0,1.0,,,,30.0,2.2263274163123516,0.04176574359802381
2022-10-18T00:00:00,8,dask,ucx-1.13.1,0.6002969323366667,10240000000.0,8.0,8.0,40000000.0,1048576.0,0.6000000000000001,0.0,,1.0,1.0,,,,30.0,2.1322780961374845,0.029885757716501288
2022-10-18T00:00:00,8,dask,ucx-1.14.0,0.56853698706,10240000000.0,8.0,8.0,40000000.0,1048576.0,0.6000000000000001,0.0,,1.0,1.0,,,,30.0,2.2513926606940635,0.039553878910994794
2022-10-18T00:00:00,8,explicit-comms,ucx-1.12.1,0.5416062537133334,10240000000.0,8.0,8.0,40000000.0,1048576.0,0.6000000000000001,0.0,,1.0,0.0,,,,30.0,2.363340510239918,0.12293055648745954
2022-10-18T00:00:00,8,explicit-comms,ucx-1.13.1,0.5482819016533333,10240000000.0,8.0,8.0,40000000.0,1048576.0,0.6000000000000001,0.0,,1.0,0.0,,,,30.0,2.334565478342774,0.1502131466588367
2022-10-18T00:00:00,8,explicit-comms,ucx-1.14.0,0.5458734350633333,10240000000.0,8.0,8.0,40000000.0,1048576.0,0.6000000000000001,0.0,,1.0,0.0,,,,30.0,2.344865893412622,0.1447748895290425
2022-10-18T00:00:00,16,dask,ucx-1.12.1,1.1419437814733333,20480000000.0,16.0,16.0,40000000.0,1048576.0,0.6000000000000001,0.0,,1.0,1.0,,,,30.0,1.1208958100796758,0.012225301699065449
2022-10-18T00:00:00,16,dask,ucx-1.13.1,0.8940209692666666,20480000000.0,16.0,16.0,40000000.0,1048576.0,0.6000000000000001,0.0,,1.0,1.0,,,,30.0,1.4317337556969587,0.016891358283644443
2022-10-18T00:00:00,16,dask,ucx-1.14.0,0.9327285987766667,20480000000.0,16.0,16.0,40000000.0,1048576.0,0.6000000000000001,0.0,,1.0,1.0,,,,30.0,1.372317737098232,0.054051741376432434
2022-10-18T00:00:00,16,explicit-comms,ucx-1.12.1,0.77864703893,20480000000.0,16.0,16.0,40000000.0,1048576.0,0.6000000000000001,0.0,,1.0,0.0,,,,30.0,1.643877053406571,0.12642146703090826
2022-10-18T00:00:00,16,explicit-comms,ucx-1.13.1,0.7856372448600001,20480000000.0,16.0,16.0,40000000.0,1048576.0,0.6000000000000001,0.0,,1.0,0.0,,,,30.0,1.6292506603707348,0.154769282360849
2022-10-18T00:00:00,16,explicit-comms,ucx-1.14.0,0.7911763421233334,20480000000.0,16.0,16.0,40000000.0,1048576.0,0.6000000000000001,0.0,,1.0,0.0,,,,30.0,1.617844128863582,0.1456971675503604
2022-10-18T00:00:00,32,dask,ucx-1.12.1,1.6637480866833334,40960000000.0,32.0,32.0,40000000.0,1048576.0,0.6000000000000001,0.0,,1.0,1.0,,,,30.0,0.7693472408744695,0.007690493704279043
2022-10-18T00:00:00,32,dask,ucx-1.13.1,1.9398577170733333,40960000000.0,32.0,32.0,40000000.0,1048576.0,0.6000000000000001,0.0,,1.0,1.0,,,,30.0,0.6598422083920351,0.004474844436116632
2022-10-18T00:00:00,32,explicit-comms,ucx-1.12.1,1.1459661658833333,40960000000.0,32.0,32.0,40000000.0,1048576.0,0.6000000000000001,0.0,,1.0,0.0,,,,30.0,1.1169614235629293,0.10886118169165455
2022-10-18T00:00:00,32,explicit-comms,ucx-1.13.1,1.20829507397,40960000000.0,32.0,32.0,40000000.0,1048576.0,0.6000000000000001,0.0,,1.0,0.0,,,,30.0,1.059343886749786,0.13904920054312644
2022-10-18T00:00:00,64,dask,ucx-1.12.1,2.314750735726667,81920000000.0,64.0,64.0,40000000.0,1048576.0,0.6000000000000001,0.0,,1.0,1.0,,,,30.0,0.5529753075543018,0.0036165288563606486
2022-10-18T00:00:00,64,dask,ucx-1.14.0,2.37705856062,81920000000.0,64.0,64.0,40000000.0,1048576.0,0.6000000000000001,0.0,,1.0,1.0,,,,30.0,0.5384806336727952,0.006345444182783331
2022-10-18T00:00:00,64,explicit-comms,ucx-1.12.1,1.9061646320733334,81920000000.0,64.0,64.0,40000000.0,1048576.0,0.6000000000000001,0.0,,1.0,0.0,,,,30.0,0.6715054819833401,0.0926754181651242
2022-10-18T00:00:00,64,explicit-comms,ucx-1.14.0,1.9178409492266666,81920000000.0,64.0,64.0,40000000.0,1048576.0,0.6000000000000001,0.0,,1.0,0.0,,,,30.0,0.6674171810316888,0.10927511948017445
2022-10-18T00:00:00,128,dask,ucx-1.12.1,5.4933940414633335,163840000000.0,128.0,128.0,40000000.0,1048576.0,0.6000000000000001,0.0,,1.0,1.0,,,,30.0,0.2330071337207467,0.0011714380332300146
2022-10-18T00:00:00,128,dask,ucx-1.14.0,5.534985829606667,163840000000.0,128.0,128.0,40000000.0,1048576.0,0.6000000000000001,0.0,,1.0,1.0,,,,30.0,0.23125623793890734,0.0014006682724084082
2022-10-18T00:00:00,128,explicit-comms,ucx-1.12.1,3.5955258676033335,163840000000.0,128.0,128.0,40000000.0,1048576.0,0.6000000000000001,0.0,,1.0,0.0,,,,30.0,0.35599799504521673,0.07094867250545184
2022-10-18T00:00:00,128,explicit-comms,ucx-1.14.0,3.583147435076667,163840000000.0,128.0,128.0,40000000.0,1048576.0,0.6000000000000001,0.0,,1.0,0.0,,,,30.0,0.3572278347995504,0.06017792287765994
2022-10-31T00:00:00,8,dask,ucx-1.12.1,0.55926839856,10240000000.0,8.0,8.0,40000000.0,1048576.0,0.6000000000000001,0.0,,1.0,1.0,,,,30.0,2.2887043203151367,0.041631462560137375
2022-10-31T00:00:00,8,dask,ucx-1.13.1,0.5573022131566667,10240000000.0,8.0,8.0,40000000.0,1048576.0,0.6000000000000001,0.0,,1.0,1.0,,,,30.0,2.296778964414719,0.034204094692700256
2022-10-31T00:00:00,8,dask,ucx-1.15.0,0.55330174969,10240000000.0,8.0,8.0,40000000.0,1048576.0,0.6000000000000001,0.0,,1.0,1.0,,,,30.0,2.3133850574612307,0.03552829991448974
2022-10-31T00:00:00,16,dask,ucx-1.12.1,0.8804232653533333,20480000000.0,16.0,16.0,40000000.0,1048576.0,0.6000000000000001,0.0,,1.0,1.0,,,,30.0,1.4538461787312125,0.021475559873953484
2022-10-31T00:00:00,16,dask,ucx-1.13.1,0.8926681544033334,20480000000.0,16.0,16.0,40000000.0,1048576.0,0.6000000000000001,0.0,,1.0,1.0,,,,30.0,1.4339035101521709,0.030462283290297345
2022-10-31T00:00:00,16,dask,ucx-1.15.0,0.8816937589766667,20480000000.0,16.0,16.0,40000000.0,1048576.0,0.6000000000000001,0.0,,1.0,1.0,,,,30.0,1.4517512310460556,0.02104727635785092
2022-10-31T00:00:00,32,dask,ucx-1.12.1,1.66652515854,40960000000.0,32.0,32.0,40000000.0,1048576.0,0.6000000000000001,0.0,,1.0,1.0,,,,30.0,0.7680652124816256,0.01371192205264358
2022-10-31T00:00:00,32,dask,ucx-1.13.1,1.6307064152366666,40960000000.0,32.0,32.0,40000000.0,1048576.0,0.6000000000000001,0.0,,1.0,1.0,,,,30.0,0.7849358952906503,0.009703496050484537
2022-10-31T00:00:00,64,dask,ucx-1.12.1,2.2191830194666666,81920000000.0,64.0,64.0,40000000.0,1048576.0,0.6000000000000001,0.0,,1.0,1.0,,,,30.0,0.5767888402046356,0.0063436013430806975
2022-10-31T00:00:00,64,dask,ucx-1.15.0,2.2510467476200002,81920000000.0,64.0,64.0,40000000.0,1048576.0,0.6000000000000001,0.0,,1.0,1.0,,,,30.0,0.5686243528053454,0.009112455604784972
2022-10-31T00:00:00,128,dask,ucx-1.12.1,5.08368548311,163840000000.0,128.0,128.0,40000000.0,1048576.0,0.6000000000000001,0.0,,1.0,1.0,,,,30.0,0.2517858361325977,0.0017146716685243197
2022-10-31T00:00:00,128,dask,ucx-1.15.0,5.207387064816667,163840000000.0,128.0,128.0,40000000.0,1048576.0,0.6000000000000001,0.0,,1.0,1.0,,,,30.0,0.24580465866427084,0.0019129029542558477
2022-11-07T00:00:00,8,dask,ucx-1.12.1,0.58574274856,10240000000.0,8.0,8.0,40000000.0,1048576.0,0.6000000000000001,0.0,,1.0,1.0,,,,30.0,2.185259660741467,0.06015644655858708
2022-11-07T00:00:00,8,dask,ucx-1.13.1,0.58879116683,10240000000.0,8.0,8.0,40000000.0,1048576.0,0.6000000000000001,0.0,,1.0,1.0,,,,30.0,2.173945656982946,0.04378074253480591
2022-11-07T00:00:00,8,dask,ucx-1.14.0,0.5813404940666668,10240000000.0,8.0,8.0,40000000.0,1048576.0,0.6000000000000001,0.0,,1.0,1.0,,,,30.0,2.201807741012469,0.03646769559119256
2022-11-07T00:00:00,8,dask,ucx-1.15.0,0.5770725449499999,10240000000.0,8.0,8.0,40000000.0,1048576.0,0.6000000000000001,0.0,,1.0,1.0,,,,30.0,2.2180920080176483,0.03981525606452763
2022-11-07T00:00:00,8,explicit-comms,ucx-1.12.1,0.5945522343133334,10240000000.0,8.0,8.0,40000000.0,1048576.0,0.6000000000000001,0.0,,1.0,0.0,,,,30.0,2.152880648877405,0.10062822440266558
2022-11-07T00:00:00,8,explicit-comms,ucx-1.13.1,0.6034659728466667,10240000000.0,8.0,8.0,40000000.0,1048576.0,0.6000000000000001,0.0,,1.0,0.0,,,,30.0,2.121080653416116,0.13843578859201086
2022-11-07T00:00:00,8,explicit-comms,ucx-1.14.0,0.6017891520533334,10240000000.0,8.0,8.0,40000000.0,1048576.0,0.6000000000000001,0.0,,1.0,0.0,,,,30.0,2.126990816688169,0.1260295219651649
2022-11-07T00:00:00,8,explicit-comms,ucx-1.15.0,0.5986485060266666,10240000000.0,8.0,8.0,40000000.0,1048576.0,0.6000000000000001,0.0,,1.0,0.0,,,,30.0,2.138149493591123,0.1299701391954064
2022-11-07T00:00:00,16,dask,ucx-1.12.1,0.9047752745666667,20480000000.0,16.0,16.0,40000000.0,1048576.0,0.6000000000000001,0.0,,1.0,1.0,,,,30.0,1.4147159366319373,0.024737793531523746
2022-11-07T00:00:00,16,dask,ucx-1.13.1,0.8866168971466667,20480000000.0,16.0,16.0,40000000.0,1048576.0,0.6000000000000001,0.0,,1.0,1.0,,,,30.0,1.4436900583773318,0.016253586605356123
2022-11-07T00:00:00,16,dask,ucx-1.14.0,0.9103809015200001,20480000000.0,16.0,16.0,40000000.0,1048576.0,0.6000000000000001,0.0,,1.0,1.0,,,,30.0,1.4060048907692073,0.016611654485482477
2022-11-07T00:00:00,16,dask,ucx-1.15.0,0.92537149107,20480000000.0,16.0,16.0,40000000.0,1048576.0,0.6000000000000001,0.0,,1.0,1.0,,,,30.0,1.3832282627595816,0.042273885959792645
2022-11-07T00:00:00,16,explicit-comms,ucx-1.12.1,0.8695466834133333,20480000000.0,16.0,16.0,40000000.0,1048576.0,0.6000000000000001,0.0,,1.0,0.0,,,,30.0,1.4720313749866374,0.09375712438869559
2022-11-07T00:00:00,16,explicit-comms,ucx-1.13.1,0.88911159323,20480000000.0,16.0,16.0,40000000.0,1048576.0,0.6000000000000001,0.0,,1.0,0.0,,,,30.0,1.4396393093356987,0.12018205234063119
2022-11-07T00:00:00,16,explicit-comms,ucx-1.14.0,0.8852672365200001,20480000000.0,16.0,16.0,40000000.0,1048576.0,0.6000000000000001,0.0,,1.0,0.0,,,,30.0,1.4458910792086925,0.11404758145545507
2022-11-07T00:00:00,16,explicit-comms,ucx-1.15.0,0.8972172023166667,20480000000.0,16.0,16.0,40000000.0,1048576.0,0.6000000000000001,0.0,,1.0,0.0,,,,30.0,1.4266333689266835,0.11551963329122913
2022-11-07T00:00:00,32,dask,ucx-1.12.1,1.6542317040199999,40960000000.0,32.0,32.0,40000000.0,1048576.0,0.6000000000000001,0.0,,1.0,1.0,,,,30.0,0.7737731037855412,0.007141252654215833
2022-11-07T00:00:00,32,dask,ucx-1.13.1,1.7302015725566666,40960000000.0,32.0,32.0,40000000.0,1048576.0,0.6000000000000001,0.0,,1.0,1.0,,,,30.0,0.7397981947898606,0.024532823127971608
2022-11-07T00:00:00,32,dask,ucx-1.14.0,1.68124679089,40960000000.0,32.0,32.0,40000000.0,1048576.0,0.6000000000000001,0.0,,1.0,1.0,,,,30.0,0.7613397431809568,0.007804102085885555
2022-11-07T00:00:00,32,dask,ucx-1.15.0,1.6797946855733334,40960000000.0,32.0,32.0,40000000.0,1048576.0,0.6000000000000001,0.0,,1.0,1.0,,,,30.0,0.7619978864042669,0.007803988792581346
2022-11-07T00:00:00,32,explicit-comms,ucx-1.12.1,1.2981764041000001,40960000000.0,32.0,32.0,40000000.0,1048576.0,0.6000000000000001,0.0,,1.0,0.0,,,,30.0,0.9859985098769367,0.09397972678643039
2022-11-07T00:00:00,32,explicit-comms,ucx-1.13.1,1.3151852858033335,40960000000.0,32.0,32.0,40000000.0,1048576.0,0.6000000000000001,0.0,,1.0,0.0,,,,30.0,0.973246898225567,0.11175159920746773
2022-11-07T00:00:00,32,explicit-comms,ucx-1.14.0,1.3279327437,40960000000.0,32.0,32.0,40000000.0,1048576.0,0.6000000000000001,0.0,,1.0,0.0,,,,30.0,0.963904238428186,0.11084358757561548
2022-11-07T00:00:00,32,explicit-comms,ucx-1.15.0,1.3147191152633333,40960000000.0,32.0,32.0,40000000.0,1048576.0,0.6000000000000001,0.0,,1.0,0.0,,,,30.0,0.9735919902127693,0.11717015336658827
2022-11-07T00:00:00,64,dask,ucx-1.12.1,2.31162968015,81920000000.0,64.0,64.0,40000000.0,1048576.0,0.6000000000000001,0.0,,1.0,1.0,,,,30.0,0.5537219092622749,0.006009906772271742
2022-11-07T00:00:00,64,dask,ucx-1.14.0,2.320512035796667,81920000000.0,64.0,64.0,40000000.0,1048576.0,0.6000000000000001,0.0,,1.0,1.0,,,,30.0,0.5516023964773604,0.00611298570364623
2022-11-07T00:00:00,64,dask,ucx-1.15.0,2.3080401532733332,81920000000.0,64.0,64.0,40000000.0,1048576.0,0.6000000000000001,0.0,,1.0,1.0,,,,30.0,0.554583072649176,0.007851569033307738
2022-11-07T00:00:00,64,explicit-comms,ucx-1.12.1,2.1059949961133335,81920000000.0,64.0,64.0,40000000.0,1048576.0,0.6000000000000001,0.0,,1.0,0.0,,,,30.0,0.6077887185687868,0.07175245437927391
2022-11-07T00:00:00,64,explicit-comms,ucx-1.14.0,2.1998918144966666,81920000000.0,64.0,64.0,40000000.0,1048576.0,0.6000000000000001,0.0,,1.0,0.0,,,,30.0,0.5818467942674093,0.07822587623683709
2022-11-07T00:00:00,64,explicit-comms,ucx-1.15.0,2.18439076539,81920000000.0,64.0,64.0,40000000.0,1048576.0,0.6000000000000001,0.0,,1.0,0.0,,,,30.0,0.585975742198063,0.08031681482138384
2022-11-07T00:00:00,128,dask,ucx-1.12.1,5.108830887896667,163840000000.0,128.0,128.0,40000000.0,1048576.0,0.6000000000000001,0.0,,1.0,1.0,,,,30.0,0.25054655910268014,0.0014870685991596698
2022-11-07T00:00:00,128,dask,ucx-1.14.0,5.236132856636667,163840000000.0,128.0,128.0,40000000.0,1048576.0,0.6000000000000001,0.0,,1.0,1.0,,,,30.0,0.24445521820127852,0.0016470418403229982
2022-11-07T00:00:00,128,dask,ucx-1.15.0,5.284509977676667,163840000000.0,128.0,128.0,40000000.0,1048576.0,0.6000000000000001,0.0,,1.0,1.0,,,,30.0,0.24221734946231507,0.002069894655417702
2022-11-07T00:00:00,128,explicit-comms,ucx-1.12.1,4.020356041143334,163840000000.0,128.0,128.0,40000000.0,1048576.0,0.6000000000000001,0.0,,1.0,0.0,,,,30.0,0.3183797621157915,0.05181803555191811
2022-11-07T00:00:00,128,explicit-comms,ucx-1.14.0,4.1255586541066664,163840000000.0,128.0,128.0,40000000.0,1048576.0,0.6000000000000001,0.0,,1.0,0.0,,,,30.0,0.3102610112513759,0.04954903367928169
2022-11-07T00:00:00,128,explicit-comms,ucx-1.15.0,4.078451106963334,163840000000.0,128.0,128.0,40000000.0,1048576.0,0.6000000000000001,0.0,,1.0,0.0,,,,30.0,0.31384463523777334,0.05227293837496378
2022-07-11T00:00:00,8,no-dask,ucx-1.12.1,0.56418282542,10240000000.0,8.0,8.0,40000000.0,1048576.0,0.6000000000000001,0.0,,1.0,1.0,,,,30.0,5.4875,0.0
2022-07-11T00:00:00,16,no-dask,ucx-1.12.1,0.8983077096666666,20480000000.0,16.0,16.0,40000000.0,1048576.0,0.6000000000000001,0.0,,1.0,1.0,,,,30.0,4.325,0.0
2022-07-11T00:00:00,32,no-dask,ucx-1.12.1,1.60183293947,40960000000.0,32.0,32.0,40000000.0,1048576.0,0.6000000000000001,0.0,,1.0,1.0,,,,30.0,3.56875,0.0
2022-07-11T00:00:00,64,no-dask,ucx-1.12.1,2.208195396156667,81920000000.0,64.0,64.0,40000000.0,1048576.0,0.6000000000000001,0.0,,1.0,1.0,,,,30.0,2.884375,0.0
2022-07-11T00:00:00,128,no-dask,ucx-1.12.1,6.179906500056666,163840000000.0,128.0,128.0,40000000.0,1048576.0,0.6000000000000001,0.0,,1.0,1.0,,,,30.0,2.090625,0.0
2022-07-11T00:00:00,256,no-dask,ucx-1.12.1,11.76604201963,327680000000.0,256.0,256.0,40000000.0,1048576.0,0.6000000000000001,0.0,,1.0,1.0,,,,30.0,1.71835937,0.0
2022-07-18T00:00:00,8,no-dask,ucx-1.12.1,0.56870813749,10240000000.0,8.0,8.0,40000000.0,1048576.0,0.6000000000000001,0.0,,1.0,1.0,,,,30.0,5.4875,0.0
2022-07-18T00:00:00,16,no-dask,ucx-1.12.1,0.9073589686666668,20480000000.0,16.0,16.0,40000000.0,1048576.0,0.6000000000000001,0.0,,1.0,1.0,,,,30.0,4.325,0.0
2022-07-18T00:00:00,32,no-dask,ucx-1.12.1,1.6128170542366669,40960000000.0,32.0,32.0,40000000.0,1048576.0,0.6000000000000001,0.0,,1.0,1.0,,,,30.0,3.56875,0.0
2022-07-18T00:00:00,64,no-dask,ucx-1.12.1,2.2116381700466667,81920000000.0,64.0,64.0,40000000.0,1048576.0,0.6000000000000001,0.0,,1.0,1.0,,,,30.0,2.884375,0.0
2022-07-18T00:00:00,128,no-dask,ucx-1.12.1,4.880728139536667,163840000000.0,128.0,128.0,40000000.0,1048576.0,0.6000000000000001,0.0,,1.0,1.0,,,,30.0,2.090625,0.0
2022-07-18T00:00:00,256,no-dask,ucx-1.12.1,10.544376266096666,327680000000.0,256.0,256.0,40000000.0,1048576.0,0.6000000000000001,0.0,,1.0,1.0,,,,30.0,1.71835937,0.0
2022-07-25T00:00:00,8,no-dask,ucx-1.12.1,0.5776688049233333,10240000000.0,8.0,8.0,40000000.0,1048576.0,0.6000000000000001,0.0,,1.0,1.0,,,,30.0,5.4875,0.0
2022-07-25T00:00:00,16,no-dask,ucx-1.12.1,0.89737231881,20480000000.0,16.0,16.0,40000000.0,1048576.0,0.6000000000000001,0.0,,1.0,1.0,,,,30.0,4.325,0.0
2022-07-25T00:00:00,32,no-dask,ucx-1.12.1,1.6937695140433333,40960000000.0,32.0,32.0,40000000.0,1048576.0,0.6000000000000001,0.0,,1.0,1.0,,,,30.0,3.56875,0.0
2022-07-25T00:00:00,64,no-dask,ucx-1.12.1,2.2171287611866664,81920000000.0,64.0,64.0,40000000.0,1048576.0,0.6000000000000001,0.0,,1.0,1.0,,,,30.0,2.884375,0.0
2022-07-25T00:00:00,128,no-dask,ucx-1.12.1,4.8965058780533335,163840000000.0,128.0,128.0,40000000.0,1048576.0,0.6000000000000001,0.0,,1.0,1.0,,,,30.0,2.090625,0.0
2022-07-25T00:00:00,256,no-dask,ucx-1.12.1,10.395257355366669,327680000000.0,256.0,256.0,40000000.0,1048576.0,0.6000000000000001,0.0,,1.0,1.0,,,,30.0,1.71835937,0.0
2022-08-01T00:00:00,8,no-dask,ucx-1.12.1,0.5672075865333334,10240000000.0,8.0,8.0,40000000.0,1048576.0,0.6000000000000001,0.0,,1.0,1.0,,,,30.0,5.4875,0.0
2022-08-01T00:00:00,16,no-dask,ucx-1.12.1,0.9014090813000001,20480000000.0,16.0,16.0,40000000.0,1048576.0,0.6000000000000001,0.0,,1.0,1.0,,,,30.0,4.325,0.0
2022-08-01T00:00:00,32,no-dask,ucx-1.12.1,1.6073147539666666,40960000000.0,32.0,32.0,40000000.0,1048576.0,0.6000000000000001,0.0,,1.0,1.0,,,,30.0,3.56875,0.0
2022-08-01T00:00:00,64,no-dask,ucx-1.12.1,2.2677141197966666,81920000000.0,64.0,64.0,40000000.0,1048576.0,0.6000000000000001,0.0,,1.0,1.0,,,,30.0,2.884375,0.0
2022-08-01T00:00:00,128,no-dask,ucx-1.12.1,4.84002410074,163840000000.0,128.0,128.0,40000000.0,1048576.0,0.6000000000000001,0.0,,1.0,1.0,,,,30.0,2.090625,0.0
2022-08-01T00:00:00,256,no-dask,ucx-1.12.1,10.486788526566666,327680000000.0,256.0,256.0,40000000.0,1048576.0,0.6000000000000001,0.0,,1.0,1.0,,,,30.0,1.71835937,0.0
2022-08-08T00:00:00,8,no-dask,ucx-1.12.1,0.5778003044966666,10240000000.0,8.0,8.0,40000000.0,1048576.0,0.6000000000000001,0.0,,1.0,1.0,,,,30.0,5.4875,0.0
2022-08-08T00:00:00,16,no-dask,ucx-1.12.1,0.8872031167033333,20480000000.0,16.0,16.0,40000000.0,1048576.0,0.6000000000000001,0.0,,1.0,1.0,,,,30.0,4.325,0.0
2022-08-08T00:00:00,32,no-dask,ucx-1.12.1,1.5983998296233333,40960000000.0,32.0,32.0,40000000.0,1048576.0,0.6000000000000001,0.0,,1.0,1.0,,,,30.0,3.56875,0.0
2022-08-08T00:00:00,64,no-dask,ucx-1.12.1,2.2914882343166667,81920000000.0,64.0,64.0,40000000.0,1048576.0,0.6000000000000001,0.0,,1.0,1.0,,,,30.0,2.884375,0.0
2022-08-08T00:00:00,128,no-dask,ucx-1.12.1,4.833372470593333,163840000000.0,128.0,128.0,40000000.0,1048576.0,0.6000000000000001,0.0,,1.0,1.0,,,,30.0,2.090625,0.0
2022-08-15T00:00:00,8,no-dask,ucx-1.12.1,0.5890944591066667,10240000000.0,8.0,8.0,40000000.0,1048576.0,0.6000000000000001,0.0,,1.0,1.0,,,,30.0,5.4875,0.0
2022-08-15T00:00:00,16,no-dask,ucx-1.12.1,0.91301110345,20480000000.0,16.0,16.0,40000000.0,1048576.0,0.6000000000000001,0.0,,1.0,1.0,,,,30.0,4.325,0.0
2022-08-15T00:00:00,32,no-dask,ucx-1.12.1,1.62620918658,40960000000.0,32.0,32.0,40000000.0,1048576.0,0.6000000000000001,0.0,,1.0,1.0,,,,30.0,3.56875,0.0
2022-08-15T00:00:00,64,no-dask,ucx-1.12.1,2.1948344143333336,81920000000.0,64.0,64.0,40000000.0,1048576.0,0.6000000000000001,0.0,,1.0,1.0,,,,30.0,2.884375,0.0
2022-08-15T00:00:00,128,no-dask,ucx-1.12.1,4.847153847096666,163840000000.0,128.0,128.0,40000000.0,1048576.0,0.6000000000000001,0.0,,1.0,1.0,,,,30.0,2.090625,0.0
2022-08-15T00:00:00,256,no-dask,ucx-1.12.1,10.58239276185,327680000000.0,256.0,256.0,40000000.0,1048576.0,0.6000000000000001,0.0,,1.0,1.0,,,,30.0,1.71835937,0.0
2022-08-22T00:00:00,8,no-dask,ucx-1.12.1,0.5914524877533334,10240000000.0,8.0,8.0,40000000.0,1048576.0,0.6000000000000001,0.0,,1.0,1.0,,,,30.0,5.4875,0.0
2022-08-22T00:00:00,16,no-dask,ucx-1.12.1,0.9085718169766667,20480000000.0,16.0,16.0,40000000.0,1048576.0,0.6000000000000001,0.0,,1.0,1.0,,,,30.0,4.325,0.0
2022-08-22T00:00:00,32,no-dask,ucx-1.12.1,1.6506277746033333,40960000000.0,32.0,32.0,40000000.0,1048576.0,0.6000000000000001,0.0,,1.0,1.0,,,,30.0,3.56875,0.0
2022-08-22T00:00:00,64,no-dask,ucx-1.12.1,2.1232867438666667,81920000000.0,64.0,64.0,40000000.0,1048576.0,0.6000000000000001,0.0,,1.0,1.0,,,,30.0,2.884375,0.0
2022-08-22T00:00:00,128,no-dask,ucx-1.12.1,5.06292002958,163840000000.0,128.0,128.0,40000000.0,1048576.0,0.6000000000000001,0.0,,1.0,1.0,,,,30.0,2.090625,0.0
2022-08-22T00:00:00,256,no-dask,ucx-1.12.1,10.73901394902,327680000000.0,256.0,256.0,40000000.0,1048576.0,0.6000000000000001,0.0,,1.0,1.0,,,,30.0,1.71835937,0.0
2022-08-24T00:00:00,8,no-dask,ucx-1.12.1,0.57008151486,10240000000.0,8.0,8.0,40000000.0,1048576.0,0.6000000000000001,0.0,,1.0,1.0,,,,30.0,5.4875,0.0
2022-08-24T00:00:00,16,no-dask,ucx-1.12.1,0.9023916333900001,20480000000.0,16.0,16.0,40000000.0,1048576.0,0.6000000000000001,0.0,,1.0,1.0,,,,30.0,4.325,0.0
2022-08-24T00:00:00,32,no-dask,ucx-1.12.1,1.6294199356733334,40960000000.0,32.0,32.0,40000000.0,1048576.0,0.6000000000000001,0.0,,1.0,1.0,,,,30.0,3.56875,0.0
2022-08-24T00:00:00,64,no-dask,ucx-1.12.1,2.1858985488,81920000000.0,64.0,64.0,40000000.0,1048576.0,0.6000000000000001,0.0,,1.0,1.0,,,,30.0,2.884375,0.0
2022-08-24T00:00:00,128,no-dask,ucx-1.12.1,4.8852053775,163840000000.0,128.0,128.0,40000000.0,1048576.0,0.6000000000000001,0.0,,1.0,1.0,,,,30.0,2.090625,0.0
2022-08-24T00:00:00,256,no-dask,ucx-1.12.1,10.632171203473332,327680000000.0,256.0,256.0,40000000.0,1048576.0,0.6000000000000001,0.0,,1.0,1.0,,,,30.0,1.71835937,0.0
2022-08-30T00:00:00,8,no-dask,ucx-1.12.1,0.5816130926666667,10240000000.0,8.0,8.0,40000000.0,1048576.0,0.6000000000000001,0.0,,1.0,1.0,,,,30.0,5.4875,0.0
2022-08-30T00:00:00,16,no-dask,ucx-1.12.1,0.89955375933,20480000000.0,16.0,16.0,40000000.0,1048576.0,0.6000000000000001,0.0,,1.0,1.0,,,,30.0,4.325,0.0
2022-08-30T00:00:00,32,no-dask,ucx-1.12.1,1.6088195940466667,40960000000.0,32.0,32.0,40000000.0,1048576.0,0.6000000000000001,0.0,,1.0,1.0,,,,30.0,3.56875,0.0
2022-08-30T00:00:00,64,no-dask,ucx-1.12.1,2.1938737188033333,81920000000.0,64.0,64.0,40000000.0,1048576.0,0.6000000000000001,0.0,,1.0,1.0,,,,30.0,2.884375,0.0
2022-08-30T00:00:00,128,no-dask,ucx-1.12.1,4.939534323999999,163840000000.0,128.0,128.0,40000000.0,1048576.0,0.6000000000000001,0.0,,1.0,1.0,,,,30.0,2.090625,0.0
2022-08-30T00:00:00,256,no-dask,ucx-1.12.1,10.453801079006666,327680000000.0,256.0,256.0,40000000.0,1048576.0,0.6000000000000001,0.0,,1.0,1.0,,,,30.0,1.71835937,0.0
2022-09-05T00:00:00,8,no-dask,ucx-1.12.1,0.5779366684866667,10240000000.0,8.0,8.0,40000000.0,1048576.0,0.6000000000000001,0.0,,1.0,1.0,,,,30.0,5.4875,0.0
2022-09-05T00:00:00,16,no-dask,ucx-1.12.1,0.8819502280333334,20480000000.0,16.0,16.0,40000000.0,1048576.0,0.6000000000000001,0.0,,1.0,1.0,,,,30.0,4.325,0.0
2022-09-05T00:00:00,32,no-dask,ucx-1.12.1,1.6237599507266667,40960000000.0,32.0,32.0,40000000.0,1048576.0,0.6000000000000001,0.0,,1.0,1.0,,,,30.0,3.56875,0.0
2022-09-05T00:00:00,64,no-dask,ucx-1.12.1,2.16219261419,81920000000.0,64.0,64.0,40000000.0,1048576.0,0.6000000000000001,0.0,,1.0,1.0,,,,30.0,2.884375,0.0
2022-09-05T00:00:00,128,no-dask,ucx-1.12.1,4.889802580573333,163840000000.0,128.0,128.0,40000000.0,1048576.0,0.6000000000000001,0.0,,1.0,1.0,,,,30.0,2.090625,0.0
2022-09-05T00:00:00,256,no-dask,ucx-1.12.1,10.592381509143333,327680000000.0,256.0,256.0,40000000.0,1048576.0,0.6000000000000001,0.0,,1.0,1.0,,,,30.0,1.71835937,0.0
2022-09-12T00:00:00,8,no-dask,ucx-1.12.1,0.7799986986699999,10240000000.0,8.0,8.0,40000000.0,1048576.0,0.6000000000000001,0.0,,1.0,1.0,,,,30.0,5.4875,0.0
2022-09-12T00:00:00,16,no-dask,ucx-1.12.1,1.2696963007000002,20480000000.0,16.0,16.0,40000000.0,1048576.0,0.6000000000000001,0.0,,1.0,1.0,,,,30.0,4.325,0.0
2022-09-12T00:00:00,32,no-dask,ucx-1.12.1,1.62764057588,40960000000.0,32.0,32.0,40000000.0,1048576.0,0.6000000000000001,0.0,,1.0,1.0,,,,30.0,3.56875,0.0
2022-09-12T00:00:00,64,no-dask,ucx-1.12.1,2.5708995917166666,81920000000.0,64.0,64.0,40000000.0,1048576.0,0.6000000000000001,0.0,,1.0,1.0,,,,30.0,2.884375,0.0
2022-09-12T00:00:00,128,no-dask,ucx-1.12.1,5.187012129663333,163840000000.0,128.0,128.0,40000000.0,1048576.0,0.6000000000000001,0.0,,1.0,1.0,,,,30.0,2.090625,0.0
2022-09-20T00:00:00,8,no-dask,ucx-1.12.1,0.7818156858333334,10240000000.0,8.0,8.0,40000000.0,1048576.0,0.6000000000000001,0.0,,1.0,1.0,,,,30.0,5.4875,0.0
2022-09-20T00:00:00,16,no-dask,ucx-1.12.1,1.2852785925,20480000000.0,16.0,16.0,40000000.0,1048576.0,0.6000000000000001,0.0,,1.0,1.0,,,,30.0,4.325,0.0
2022-09-20T00:00:00,32,no-dask,ucx-1.12.1,1.6421042786666669,40960000000.0,32.0,32.0,40000000.0,1048576.0,0.6000000000000001,0.0,,1.0,1.0,,,,30.0,3.56875,0.0
2022-09-20T00:00:00,64,no-dask,ucx-1.12.1,2.479601434146667,81920000000.0,64.0,64.0,40000000.0,1048576.0,0.6000000000000001,0.0,,1.0,1.0,,,,30.0,2.884375,0.0
2022-09-20T00:00:00,128,no-dask,ucx-1.12.1,5.2564174370500005,163840000000.0,128.0,128.0,40000000.0,1048576.0,0.6000000000000001,0.0,,1.0,1.0,,,,30.0,2.090625,0.0
2022-09-26T00:00:00,8,no-dask,ucx-1.12.1,0.8001235496666668,10240000000.0,8.0,8.0,40000000.0,1048576.0,0.6000000000000001,0.0,,1.0,1.0,,,,30.0,5.4875,0.0
2022-09-26T00:00:00,16,no-dask,ucx-1.12.1,1.3078682274933333,20480000000.0,16.0,16.0,40000000.0,1048576.0,0.6000000000000001,0.0,,1.0,1.0,,,,30.0,4.325,0.0
2022-09-26T00:00:00,32,no-dask,ucx-1.12.1,1.63653730009,40960000000.0,32.0,32.0,40000000.0,1048576.0,0.6000000000000001,0.0,,1.0,1.0,,,,30.0,3.56875,0.0
2022-09-26T00:00:00,64,no-dask,ucx-1.12.1,2.53358458439,81920000000.0,64.0,64.0,40000000.0,1048576.0,0.6000000000000001,0.0,,1.0,1.0,,,,30.0,2.884375,0.0
2022-09-26T00:00:00,128,no-dask,ucx-1.12.1,5.30798633764,163840000000.0,128.0,128.0,40000000.0,1048576.0,0.6000000000000001,0.0,,1.0,1.0,,,,30.0,2.090625,0.0
2022-09-30T00:00:00,8,no-dask,ucx-1.12.1,0.5807148508100001,10240000000.0,8.0,8.0,40000000.0,1048576.0,0.6000000000000001,0.0,,1.0,1.0,,,,30.0,5.4875,0.0
2022-09-30T00:00:00,16,no-dask,ucx-1.12.1,0.9042571190666667,20480000000.0,16.0,16.0,40000000.0,1048576.0,0.6000000000000001,0.0,,1.0,1.0,,,,30.0,4.325,0.0
2022-09-30T00:00:00,32,no-dask,ucx-1.12.1,1.6951410809666667,40960000000.0,32.0,32.0,40000000.0,1048576.0,0.6000000000000001,0.0,,1.0,1.0,,,,30.0,3.56875,0.0
2022-09-30T00:00:00,64,no-dask,ucx-1.12.1,2.281565547,81920000000.0,64.0,64.0,40000000.0,1048576.0,0.6000000000000001,0.0,,1.0,1.0,,,,30.0,2.884375,0.0
2022-09-30T00:00:00,128,no-dask,ucx-1.12.1,5.129606508603333,163840000000.0,128.0,128.0,40000000.0,1048576.0,0.6000000000000001,0.0,,1.0,1.0,,,,30.0,2.090625,0.0
2022-10-10T00:00:00,8,no-dask,ucx-1.12.1,0.5851922714266667,10240000000.0,8.0,8.0,40000000.0,1048576.0,0.6000000000000001,0.0,,1.0,1.0,,,,30.0,5.4875,0.0
2022-10-10T00:00:00,16,no-dask,ucx-1.12.1,0.8843105463233333,20480000000.0,16.0,16.0,40000000.0,1048576.0,0.6000000000000001,0.0,,1.0,1.0,,,,30.0,4.325,0.0
2022-10-10T00:00:00,32,no-dask,ucx-1.12.1,1.6240273248533335,40960000000.0,32.0,32.0,40000000.0,1048576.0,0.6000000000000001,0.0,,1.0,1.0,,,,30.0,3.56875,0.0
2022-10-10T00:00:00,64,no-dask,ucx-1.12.1,2.274056202726667,81920000000.0,64.0,64.0,40000000.0,1048576.0,0.6000000000000001,0.0,,1.0,1.0,,,,30.0,2.884375,0.0
2022-10-10T00:00:00,128,no-dask,ucx-1.12.1,5.14984134982,163840000000.0,128.0,128.0,40000000.0,1048576.0,0.6000000000000001,0.0,,1.0,1.0,,,,30.0,2.090625,0.0
2022-10-18T00:00:00,8,no-dask,ucx-1.12.1,0.5749378957566668,10240000000.0,8.0,8.0,40000000.0,1048576.0,0.6000000000000001,0.0,,1.0,1.0,,,,30.0,5.4875,0.0
2022-10-18T00:00:00,16,no-dask,ucx-1.12.1,1.1419437814733333,20480000000.0,16.0,16.0,40000000.0,1048576.0,0.6000000000000001,0.0,,1.0,1.0,,,,30.0,4.325,0.0
2022-10-18T00:00:00,32,no-dask,ucx-1.12.1,1.6637480866833334,40960000000.0,32.0,32.0,40000000.0,1048576.0,0.6000000000000001,0.0,,1.0,1.0,,,,30.0,3.56875,0.0
2022-10-18T00:00:00,64,no-dask,ucx-1.12.1,2.314750735726667,81920000000.0,64.0,64.0,40000000.0,1048576.0,0.6000000000000001,0.0,,1.0,1.0,,,,30.0,2.884375,0.0
2022-10-18T00:00:00,128,no-dask,ucx-1.12.1,5.4933940414633335,163840000000.0,128.0,128.0,40000000.0,1048576.0,0.6000000000000001,0.0,,1.0,1.0,,,,30.0,2.090625,0.0
2022-10-31T00:00:00,8,no-dask,ucx-1.12.1,0.55926839856,10240000000.0,8.0,8.0,40000000.0,1048576.0,0.6000000000000001,0.0,,1.0,1.0,,,,30.0,5.4875,0.0
2022-10-31T00:00:00,16,no-dask,ucx-1.12.1,0.8804232653533333,20480000000.0,16.0,16.0,40000000.0,1048576.0,0.6000000000000001,0.0,,1.0,1.0,,,,30.0,4.325,0.0
2022-10-31T00:00:00,32,no-dask,ucx-1.12.1,1.66652515854,40960000000.0,32.0,32.0,40000000.0,1048576.0,0.6000000000000001,0.0,,1.0,1.0,,,,30.0,3.56875,0.0
2022-10-31T00:00:00,64,no-dask,ucx-1.12.1,2.2191830194666666,81920000000.0,64.0,64.0,40000000.0,1048576.0,0.6000000000000001,0.0,,1.0,1.0,,,,30.0,2.884375,0.0
2022-10-31T00:00:00,128,no-dask,ucx-1.12.1,5.08368548311,163840000000.0,128.0,128.0,40000000.0,1048576.0,0.6000000000000001,0.0,,1.0,1.0,,,,30.0,2.090625,0.0
2022-11-07T00:00:00,8,no-dask,ucx-1.12.1,0.58574274856,10240000000.0,8.0,8.0,40000000.0,1048576.0,0.6000000000000001,0.0,,1.0,1.0,,,,30.0,5.4875,0.0
2022-11-07T00:00:00,16,no-dask,ucx-1.12.1,0.9047752745666667,20480000000.0,16.0,16.0,40000000.0,1048576.0,0.6000000000000001,0.0,,1.0,1.0,,,,30.0,4.325,0.0
2022-11-07T00:00:00,32,no-dask,ucx-1.12.1,1.6542317040199999,40960000000.0,32.0,32.0,40000000.0,1048576.0,0.6000000000000001,0.0,,1.0,1.0,,,,30.0,3.56875,0.0
2022-11-07T00:00:00,64,no-dask,ucx-1.12.1,2.31162968015,81920000000.0,64.0,64.0,40000000.0,1048576.0,0.6000000000000001,0.0,,1.0,1.0,,,,30.0,2.884375,0.0
2022-11-07T00:00:00,128,no-dask,ucx-1.12.1,5.108830887896667,163840000000.0,128.0,128.0,40000000.0,1048576.0,0.6000000000000001,0.0,,1.0,1.0,,,,30.0,2.090625,0.0
