date,num_workers,ucx_version,wallclock,data_processed,user_size,user_second_size,user_chunk_size,ignore_size,devices,device_memory_limit,worker_threads,rmm_pool,tcp,ib,nvlink,nreps,throughput_mean,throughput_std,wallclock_mean,wallclock_std
2022-07-11T00:00:00,8,ucx-1.12.1,0.9813925746300001,20000000000.0,50000.0,1000.0,2500.0,1048576.0,0.0,,1.0,0.0,,,,30.0,2.547400565917811,0.14620580337829173,2.652731537677838,0.35133965816543605
2022-07-11T00:00:00,16,ucx-1.12.1,0.95984350478,20000000000.0,50000.0,1000.0,2500.0,1048576.0,0.0,,1.0,0.0,,,,30.0,1.3022956281675364,0.09952589731102235,1.3811598834045784,0.1980554256604336
2022-07-11T00:00:00,32,ucx-1.12.1,1.1174966601733334,20000000000.0,50000.0,1000.0,2500.0,1048576.0,0.0,,1.0,0.0,,,,30.0,0.5592857878457167,0.03483605750142441,0.5865400836756094,0.08499204356085706
2022-07-11T00:00:00,64,ucx-1.12.1,1.4626547899533333,20000000000.0,50000.0,1000.0,2500.0,1048576.0,0.0,,1.0,0.0,,,,30.0,0.21365260083684579,0.010468486352767944,0.22089722921443797,0.028351616962117472
2022-07-11T00:00:00,128,ucx-1.12.1,2.2983098653100003,20000000000.0,50000.0,1000.0,2500.0,1048576.0,0.0,,1.0,0.0,,,,30.0,0.06798474059498706,0.002040046154008886,0.06906003133214908,0.006772802355105403
2022-07-18T00:00:00,8,ucx-1.12.1,0.9944177746933334,20000000000.0,50000.0,1000.0,2500.0,1048576.0,0.0,,1.0,0.0,,,,30.0,2.5140339036789343,0.12820498177759582,2.6034168016239594,0.33619401194327586
2022-07-18T00:00:00,16,ucx-1.12.1,0.94903901039,20000000000.0,50000.0,1000.0,2500.0,1048576.0,0.0,,1.0,0.0,,,,30.0,1.317121831995423,0.08940913999917101,1.3849355226905387,0.1914664390300794
2022-07-18T00:00:00,32,ucx-1.12.1,1.12725329454,20000000000.0,50000.0,1000.0,2500.0,1048576.0,0.0,,1.0,0.0,,,,30.0,0.5544450417907582,0.03501973121141471,0.5810354712870603,0.08112417697527245
2022-07-18T00:00:00,64,ucx-1.12.1,1.4752626637233335,20000000000.0,50000.0,1000.0,2500.0,1048576.0,0.0,,1.0,0.0,,,,30.0,0.21182668529772086,0.009776604746236803,0.21825930642727995,0.02658011806323538
2022-07-18T00:00:00,128,ucx-1.12.1,2.2899625512466666,20000000000.0,50000.0,1000.0,2500.0,1048576.0,0.0,,1.0,0.0,,,,30.0,0.06823255686645913,0.0021051403403186974,0.06936631510080106,0.006952876774028597
2022-07-25T00:00:00,8,ucx-1.12.1,0.9988011822466666,20000000000.0,50000.0,1000.0,2500.0,1048576.0,0.0,,1.0,0.0,,,,30.0,2.503000641605762,0.12543982299191567,2.5876894788681257,0.32282211056119403
2022-07-25T00:00:00,16,ucx-1.12.1,0.9611436943166667,20000000000.0,50000.0,1000.0,2500.0,1048576.0,0.0,,1.0,0.0,,,,30.0,1.3005339444990045,0.09878735974192322,1.3774173963867449,0.19185973479668242
2022-07-25T00:00:00,32,ucx-1.12.1,1.0715553220933332,20000000000.0,50000.0,1000.0,2500.0,1048576.0,0.0,,1.0,0.0,,,,30.0,0.58326433280088,0.04664535604207593,0.6215788070145644,0.09244859699413563
2022-07-25T00:00:00,64,ucx-1.12.1,1.4987173323666667,20000000000.0,50000.0,1000.0,2500.0,1048576.0,0.0,,1.0,0.0,,,,30.0,0.20851163408280768,0.010291894746836503,0.21543355973869766,0.026688768047313478
2022-07-25T00:00:00,128,ucx-1.12.1,2.338700203356667,20000000000.0,50000.0,1000.0,2500.0,1048576.0,0.0,,1.0,0.0,,,,30.0,0.06681061547595499,0.0020376762407662273,0.06797351476580751,0.0072772569748261505
2022-08-01T00:00:00,8,ucx-1.12.1,0.8847102543700001,20000000000.0,50000.0,1000.0,2500.0,1048576.0,0.0,,1.0,0.0,,,,30.0,2.8257839079532805,0.12124572519006035,2.9056848803239737,0.35881516816146725
2022-08-01T00:00:00,8,ucx-1.13.0,1.0936659801733333,20000000000.0,50000.0,1000.0,2500.0,1048576.0,0.0,,1.0,0.0,,,,30.0,2.2858898834942085,0.13185019802038495,2.3799556336197143,0.3110568706762354
2022-08-01T00:00:00,8,ucx-1.14.0,1.0675364378233332,20000000000.0,50000.0,1000.0,2500.0,1048576.0,0.0,,1.0,0.0,,,,30.0,2.3418404388120053,0.11535812096613032,2.4198095624817006,0.3028714137055009
2022-08-01T00:00:00,16,ucx-1.12.1,0.9559327923000001,20000000000.0,50000.0,1000.0,2500.0,1048576.0,0.0,,1.0,0.0,,,,30.0,1.3076233079027095,0.04491887364323482,1.333252604116839,0.14216224493787785
2022-08-01T00:00:00,16,ucx-1.13.0,1.11282566572,20000000000.0,50000.0,1000.0,2500.0,1048576.0,0.0,,1.0,0.0,,,,30.0,1.1232666881305688,0.07293267094847676,1.177379822877405,0.15888141412804366
2022-08-01T00:00:00,16,ucx-1.14.0,1.1025318593733333,20000000000.0,50000.0,1000.0,2500.0,1048576.0,0.0,,1.0,0.0,,,,30.0,1.133754085537706,0.07341417163472473,1.1877290002918592,0.15806031042317614
2022-08-01T00:00:00,32,ucx-1.12.1,1.0639999093766666,20000000000.0,50000.0,1000.0,2500.0,1048576.0,0.0,,1.0,0.0,,,,30.0,0.5874060650683229,0.019397569922232197,0.5979526191860247,0.06032030641129304
2022-08-01T00:00:00,32,ucx-1.14.0,1.3780000606866667,20000000000.0,50000.0,1000.0,2500.0,1048576.0,0.0,,1.0,0.0,,,,30.0,0.45355585810972915,0.022360514126221392,0.46833383380202354,0.056746959031647774
2022-08-01T00:00:00,64,ucx-1.12.1,1.3992575036166668,20000000000.0,50000.0,1000.0,2500.0,1048576.0,0.0,,1.0,0.0,,,,30.0,0.22333273124659322,0.006139327395665164,0.22632397631591192,0.02043141097239871
2022-08-01T00:00:00,128,ucx-1.12.1,2.452098127706667,20000000000.0,50000.0,1000.0,2500.0,1048576.0,0.0,,1.0,0.0,,,,30.0,0.06372094095032539,0.0009178646151403886,0.06402322896030486,0.00392730833102248
2022-08-08T00:00:00,8,ucx-1.12.1,0.9950598194700001,20000000000.0,50000.0,1000.0,2500.0,1048576.0,0.0,,1.0,0.0,,,,30.0,2.512411767698125,0.1417852861727885,2.6143139717388326,0.34656207901995184
2022-08-08T00:00:00,8,ucx-1.13.0,1.0753918557800002,20000000000.0,50000.0,1000.0,2500.0,1048576.0,0.0,,1.0,0.0,,,,30.0,2.3247339902780904,0.11156734232376604,2.399283719977938,0.2962397963388276
2022-08-08T00:00:00,8,ucx-1.14.0,1.05344484142,20000000000.0,50000.0,1000.0,2500.0,1048576.0,0.0,,1.0,0.0,,,,30.0,2.373166493112353,0.11677288299213243,2.4496702701174877,0.2939561425224793
2022-08-08T00:00:00,16,ucx-1.12.1,0.9487667991700001,20000000000.0,50000.0,1000.0,2500.0,1048576.0,0.0,,1.0,0.0,,,,30.0,1.3174997281666314,0.10760355510106964,1.4053456353711795,0.2073696001470299
2022-08-08T00:00:00,16,ucx-1.13.0,1.1176245549633335,20000000000.0,50000.0,1000.0,2500.0,1048576.0,0.0,,1.0,0.0,,,,30.0,1.1184435725296047,0.07170743494052487,1.1714458049421168,0.15765577987415616
2022-08-08T00:00:00,16,ucx-1.14.0,1.0855874638333334,20000000000.0,50000.0,1000.0,2500.0,1048576.0,0.0,,1.0,0.0,,,,30.0,1.1514502899527848,0.07100158883819038,1.2028692439779727,0.15861922429565203
2022-08-08T00:00:00,32,ucx-1.12.1,1.14105879102,20000000000.0,50000.0,1000.0,2500.0,1048576.0,0.0,,1.0,0.0,,,,30.0,0.5477368956960652,0.03467953996413382,0.5756507868106119,0.08610733842491276
2022-08-08T00:00:00,32,ucx-1.13.0,1.5209747784233334,20000000000.0,50000.0,1000.0,2500.0,1048576.0,0.0,,1.0,0.0,,,,30.0,0.4109206864349749,0.02039088437668872,0.4245188692323913,0.05191021424247011
2022-08-08T00:00:00,64,ucx-1.12.0,1.4411783937033333,20000000000.0,50000.0,1000.0,2500.0,1048576.0,0.0,,1.0,0.0,,,,30.0,0.21683644534593832,0.010478140735413428,0.22384681113692398,0.027663992052459042
2022-08-08T00:00:00,64,ucx-1.12.1,1.4519498689066668,20000000000.0,50000.0,1000.0,2500.0,1048576.0,0.0,,1.0,0.0,,,,30.0,0.21522781653289155,0.010509729412561857,0.2221205700260617,0.026646048605359667
2022-08-08T00:00:00,64,ucx-1.13.0,2.1366212584600004,20000000000.0,50000.0,1000.0,2500.0,1048576.0,0.0,,1.0,0.0,,,,30.0,0.1462589585134236,0.008338318440684604,0.15420163319506758,0.028330467388950016
2022-08-08T00:00:00,128,ucx-1.12.1,2.2516439876433334,20000000000.0,50000.0,1000.0,2500.0,1048576.0,0.0,,1.0,0.0,,,,30.0,0.06939374113202414,0.002148722754036423,0.07059354218832703,0.0073823729531096805
2022-08-15T00:00:00,8,ucx-1.12.1,0.9975909725166667,20000000000.0,50000.0,1000.0,2500.0,1048576.0,0.0,,1.0,0.0,,,,30.0,2.5060371122777303,0.13803231016688375,2.6030574062910476,0.3371000804699991
2022-08-15T00:00:00,8,ucx-1.13.0,1.0701783355633334,20000000000.0,50000.0,1000.0,2500.0,1048576.0,0.0,,1.0,0.0,,,,30.0,2.33605925005389,0.11689227418322604,2.41307178495022,0.2907627740746829
2022-08-15T00:00:00,8,ucx-1.14.0,1.0697890322966666,20000000000.0,50000.0,1000.0,2500.0,1048576.0,0.0,,1.0,0.0,,,,30.0,2.336909357383201,0.1176760868092056,2.417091489509879,0.3048076594163049
2022-08-15T00:00:00,16,ucx-1.12.1,0.9780048922366668,20000000000.0,50000.0,1000.0,2500.0,1048576.0,0.0,,1.0,0.0,,,,30.0,1.2781122159228562,0.07761659895830253,1.3389802844944299,0.19484354383999655
2022-08-15T00:00:00,16,ucx-1.13.0,1.1646383831766667,20000000000.0,50000.0,1000.0,2500.0,1048576.0,0.0,,1.0,0.0,,,,30.0,1.0732945247695693,0.06441285789822161,1.1191161824334466,0.14451865127811628
2022-08-15T00:00:00,16,ucx-1.14.0,1.1494407145333334,20000000000.0,50000.0,1000.0,2500.0,1048576.0,0.0,,1.0,0.0,,,,30.0,1.0874854041580502,0.0644800738455594,1.133697370438263,0.1487345231154974
2022-08-15T00:00:00,32,ucx-1.12.1,1.1287506191033332,20000000000.0,50000.0,1000.0,2500.0,1048576.0,0.0,,1.0,0.0,,,,30.0,0.5537095523336173,0.0344789100930445,0.579845496282509,0.08097844130268157
2022-08-15T00:00:00,32,ucx-1.13.0,1.4242448078099998,20000000000.0,50000.0,1000.0,2500.0,1048576.0,0.0,,1.0,0.0,,,,30.0,0.4388290528234648,0.020961488124342502,0.4524589929377172,0.05402928725266126
2022-08-15T00:00:00,32,ucx-1.14.0,1.3998838094700001,20000000000.0,50000.0,1000.0,2500.0,1048576.0,0.0,,1.0,0.0,,,,30.0,0.44646562505542997,0.024644497062861485,0.4639060155382572,0.06028473064946129
2022-08-15T00:00:00,64,ucx-1.12.1,1.4841020539133334,20000000000.0,50000.0,1000.0,2500.0,1048576.0,0.0,,1.0,0.0,,,,30.0,0.2105650343761663,0.010267152320976485,0.21738096898756745,0.02652529665644134
2022-08-15T00:00:00,128,ucx-1.12.1,2.242526349603333,20000000000.0,50000.0,1000.0,2500.0,1048576.0,0.0,,1.0,0.0,,,,30.0,0.06967588141278165,0.0023547910298468504,0.07099037548004888,0.007345145157776336
2022-08-22T00:00:00,8,ucx-1.12.1,0.98113793364,20000000000.0,50000.0,1000.0,2500.0,1048576.0,0.0,,1.0,0.0,,,,30.0,2.5480617090453896,0.14488926148772913,2.6499357211501438,0.3408571509833084
2022-08-22T00:00:00,8,ucx-1.13.0,1.078799761456667,20000000000.0,50000.0,1000.0,2500.0,1048576.0,0.0,,1.0,0.0,,,,30.0,2.3173902046699886,0.11933476360118649,2.3972678030310295,0.2935356679827545
2022-08-22T00:00:00,8,ucx-1.14.0,1.06854714689,20000000000.0,50000.0,1000.0,2500.0,1048576.0,0.0,,1.0,0.0,,,,30.0,2.3396253569870407,0.12272096388609799,2.422971417105617,0.30179358789429955
2022-08-22T00:00:00,16,ucx-1.12.1,0.9627947469566667,20000000000.0,50000.0,1000.0,2500.0,1048576.0,0.0,,1.0,0.0,,,,30.0,1.2983037183690198,0.09729690695083959,1.3747116378958553,0.19563067746009927
2022-08-22T00:00:00,16,ucx-1.13.0,1.15246509488,20000000000.0,50000.0,1000.0,2500.0,1048576.0,0.0,,1.0,0.0,,,,30.0,1.0846315481078894,0.06633523658630126,1.133329849068234,0.15290647104500052
2022-08-22T00:00:00,16,ucx-1.14.0,1.1311470908333334,20000000000.0,50000.0,1000.0,2500.0,1048576.0,0.0,,1.0,0.0,,,,30.0,1.1050729035417541,0.06232365183605031,1.1491681257087536,0.14969564085087536
2022-08-22T00:00:00,32,ucx-1.12.1,1.11828879528,20000000000.0,50000.0,1000.0,2500.0,1048576.0,0.0,,1.0,0.0,,,,30.0,0.5588896201392333,0.036778611303141064,0.5890123469249925,0.08965865017630624
2022-08-22T00:00:00,64,ucx-1.12.1,1.2435485374333333,20000000000.0,50000.0,1000.0,2500.0,1048576.0,0.0,,1.0,0.0,,,,30.0,0.2512969864811193,0.013290446735324521,0.2602995741088317,0.032173600609648356
2022-08-22T00:00:00,128,ucx-1.12.1,2.3188383852833336,20000000000.0,50000.0,1000.0,2500.0,1048576.0,0.0,,1.0,0.0,,,,30.0,0.06738287626755333,0.0021252877633438604,0.0685855355475546,0.007249651149378502
2022-08-24T00:00:00,8,ucx-1.12.1,0.9757509300433334,20000000000.0,50000.0,1000.0,2500.0,1048576.0,0.0,,1.0,0.0,,,,30.0,2.5621292514565925,0.13912831304378415,2.659129057583068,0.34106164391528526
2022-08-24T00:00:00,16,ucx-1.12.1,0.92899678051,20000000000.0,50000.0,1000.0,2500.0,1048576.0,0.0,,1.0,0.0,,,,30.0,1.3455374940199207,0.10011665011712047,1.424312572404949,0.2036702103150882
2022-08-24T00:00:00,32,ucx-1.12.1,1.1199727734733333,20000000000.0,50000.0,1000.0,2500.0,1048576.0,0.0,,1.0,0.0,,,,30.0,0.5580492801282203,0.0368270898335433,0.5864237337191562,0.08328881525266585
2022-08-24T00:00:00,64,ucx-1.12.1,1.4640789052533334,20000000000.0,50000.0,1000.0,2500.0,1048576.0,0.0,,1.0,0.0,,,,30.0,0.21344478011308232,0.00944627115827286,0.2197375382598737,0.02727823645957951
2022-08-24T00:00:00,128,ucx-1.12.1,2.3071211900999997,20000000000.0,50000.0,1000.0,2500.0,1048576.0,0.0,,1.0,0.0,,,,30.0,0.06772509423019406,0.0021553617030044886,0.06892532475348169,0.007164963775217303
2022-08-30T00:00:00,8,ucx-1.12.1,0.9725420855633333,20000000000.0,50000.0,1000.0,2500.0,1048576.0,0.0,,1.0,0.0,,,,30.0,2.5705828437767857,0.13902845511896011,2.6653114214248186,0.33112082447531993
2022-08-30T00:00:00,8,ucx-1.13.1,1.0579309280333333,20000000000.0,50000.0,1000.0,2500.0,1048576.0,0.0,,1.0,0.0,,,,30.0,2.3631032364725706,0.11275345805155368,2.4386149061023588,0.3019061301811427
2022-08-30T00:00:00,8,ucx-1.14.0,1.0645997625666666,20000000000.0,50000.0,1000.0,2500.0,1048576.0,0.0,,1.0,0.0,,,,30.0,2.348300354654125,0.11409431683144414,2.424533900978351,0.2997529485741911
2022-08-30T00:00:00,16,ucx-1.12.1,0.9356906253166667,20000000000.0,50000.0,1000.0,2500.0,1048576.0,0.0,,1.0,0.0,,,,30.0,1.3359116423518307,0.09842828191805338,1.4126368420590365,0.19895373284249412
2022-08-30T00:00:00,16,ucx-1.13.1,1.11790808612,20000000000.0,50000.0,1000.0,2500.0,1048576.0,0.0,,1.0,0.0,,,,30.0,1.118159905559374,0.06557151351480538,1.1679302325195204,0.16465772543589488
2022-08-30T00:00:00,16,ucx-1.14.0,1.07367672751,20000000000.0,50000.0,1000.0,2500.0,1048576.0,0.0,,1.0,0.0,,,,30.0,1.1642238003043217,0.070421890083766,1.2147828087038668,0.15885902062515891
2022-08-30T00:00:00,32,ucx-1.12.1,1.1334072706299998,20000000000.0,50000.0,1000.0,2500.0,1048576.0,0.0,,1.0,0.0,,,,30.0,0.551434613307709,0.03410903934675409,0.5769263660018177,0.07908935095981379
2022-08-30T00:00:00,32,ucx-1.13.1,1.4405279352266667,20000000000.0,50000.0,1000.0,2500.0,1048576.0,0.0,,1.0,0.0,,,,30.0,0.4338687120993988,0.020125327276337292,0.44693696921285325,0.05348311499915143
2022-08-30T00:00:00,32,ucx-1.14.0,1.4150697369833334,20000000000.0,50000.0,1000.0,2500.0,1048576.0,0.0,,1.0,0.0,,,,30.0,0.4416743455572616,0.020903484740342045,0.4558487332422118,0.05735331888969131
2022-08-30T00:00:00,64,ucx-1.12.1,1.4505017307333332,20000000000.0,50000.0,1000.0,2500.0,1048576.0,0.0,,1.0,0.0,,,,30.0,0.21544269364091606,0.010404200801604159,0.22229395754451428,0.02691264263094403
2022-08-30T00:00:00,128,ucx-1.12.1,2.27005476073,20000000000.0,50000.0,1000.0,2500.0,1048576.0,0.0,,1.0,0.0,,,,30.0,0.0688309386641199,0.0022924057190135878,0.07012134063736959,0.0073401729413630264
2022-09-05T00:00:00,8,ucx-1.12.1,0.98192718299,20000000000.0,50000.0,1000.0,2500.0,1048576.0,0.0,,1.0,0.0,,,,30.0,2.5460136385952965,0.1467400919675076,2.6515605273450373,0.35085781592851517
2022-09-05T00:00:00,8,ucx-1.13.1,1.0688349352566668,20000000000.0,50000.0,1000.0,2500.0,1048576.0,0.0,,1.0,0.0,,,,30.0,2.3389954028773,0.11198565788735525,2.4120457983826524,0.28915703687596434
2022-09-05T00:00:00,8,ucx-1.14.0,1.0635350704733333,20000000000.0,50000.0,1000.0,2500.0,1048576.0,0.0,,1.0,0.0,,,,30.0,2.3506512097314842,0.11676914889168942,2.429171588947883,0.3017382830734628
2022-09-05T00:00:00,16,ucx-1.12.1,0.9486304482,20000000000.0,50000.0,1000.0,2500.0,1048576.0,0.0,,1.0,0.0,,,,30.0,1.3176890983963674,0.08504422281533783,1.385949661267629,0.2076966158766423
2022-09-05T00:00:00,16,ucx-1.13.1,1.10737993376,20000000000.0,50000.0,1000.0,2500.0,1048576.0,0.0,,1.0,0.0,,,,30.0,1.1287905459472682,0.06174230135604568,1.1729288710183448,0.15493792785508195
2022-09-05T00:00:00,16,ucx-1.14.0,1.09377738962,20000000000.0,50000.0,1000.0,2500.0,1048576.0,0.0,,1.0,0.0,,,,30.0,1.142828524215768,0.06766828839703701,1.1908921116869613,0.15411075317088263
2022-09-05T00:00:00,32,ucx-1.12.1,1.12259204307,20000000000.0,50000.0,1000.0,2500.0,1048576.0,0.0,,1.0,0.0,,,,30.0,0.5567472207363825,0.03544915863744392,0.5839199243440762,0.082208837321272
2022-09-05T00:00:00,64,ucx-1.12.1,1.4497091496366667,20000000000.0,50000.0,1000.0,2500.0,1048576.0,0.0,,1.0,0.0,,,,30.0,0.21556047989234273,0.010713423371984028,0.22279239183128918,0.02774896783844439
2022-09-05T00:00:00,64,ucx-1.14.0,2.0235746347666668,20000000000.0,50000.0,1000.0,2500.0,1048576.0,0.0,,1.0,0.0,,,,30.0,0.15442968825117417,0.0055483497704792014,0.15784052468975598,0.018112789449182647
2022-09-05T00:00:00,128,ucx-1.12.1,2.2968010821833333,20000000000.0,50000.0,1000.0,2500.0,1048576.0,0.0,,1.0,0.0,,,,30.0,0.0680294002001554,0.002263756350564988,0.06936548988621499,0.007666096433621715
2022-09-05T00:00:00,128,ucx-1.14.0,3.3829555699,20000000000.0,50000.0,1000.0,2500.0,1048576.0,0.0,,1.0,0.0,,,,30.0,0.04618742303039432,0.0009670550842425717,0.046596113993532313,0.0036670517804574024
2022-09-12T00:00:00,8,ucx-1.12.1,0.8703067125133334,20000000000.0,50000.0,1000.0,2500.0,1048576.0,0.0,,1.0,0.0,,,,30.0,2.872550520471481,0.1026781911891574,2.933927846778828,0.3287747532345026
2022-09-12T00:00:00,8,ucx-1.13.1,0.9548369126433334,20000000000.0,50000.0,1000.0,2500.0,1048576.0,0.0,,1.0,0.0,,,,30.0,2.6182481708620764,0.08494258478170139,2.667465726721748,0.29020327168319754
2022-09-12T00:00:00,8,ucx-1.14.0,0.9323888870633333,20000000000.0,50000.0,1000.0,2500.0,1048576.0,0.0,,1.0,0.0,,,,30.0,2.681284638509624,0.08813979907640263,2.73146801887751,0.290994812837857
2022-09-12T00:00:00,16,ucx-1.12.1,0.9043636745000001,20000000000.0,50000.0,1000.0,2500.0,1048576.0,0.0,,1.0,0.0,,,,30.0,1.382187316060758,0.05518636526200595,1.4168391093700448,0.1667081856914115
2022-09-12T00:00:00,16,ucx-1.13.1,1.0869187615000002,20000000000.0,50000.0,1000.0,2500.0,1048576.0,0.0,,1.0,0.0,,,,30.0,1.1500399517208997,0.03708376557709882,1.1700409523601094,0.1171187388870566
2022-09-12T00:00:00,16,ucx-1.14.0,1.0657474127,20000000000.0,50000.0,1000.0,2500.0,1048576.0,0.0,,1.0,0.0,,,,30.0,1.1728857936733887,0.04243128136791355,1.1973563241941307,0.12826303665971378
2022-09-12T00:00:00,32,ucx-1.12.1,1.07104399028,20000000000.0,50000.0,1000.0,2500.0,1048576.0,0.0,,1.0,0.0,,,,30.0,0.5835427915865603,0.020633776400202572,0.5950821044871702,0.061500492660805005
2022-09-12T00:00:00,32,ucx-1.13.1,1.40054354096,20000000000.0,50000.0,1000.0,2500.0,1048576.0,0.0,,1.0,0.0,,,,30.0,0.4462553156837914,0.011194673190087196,0.4514338611232933,0.03875490137387717
2022-09-12T00:00:00,32,ucx-1.14.0,1.37129269236,20000000000.0,50000.0,1000.0,2500.0,1048576.0,0.0,,1.0,0.0,,,,30.0,0.4557743240973395,0.011697268291821765,0.46131644610171013,0.040641634036418364
2022-09-12T00:00:00,64,ucx-1.12.1,1.43113997249,20000000000.0,50000.0,1000.0,2500.0,1048576.0,0.0,,1.0,0.0,,,,30.0,0.2183573976040164,0.005388304822387408,0.22084520912806696,0.018956493592795085
2022-09-12T00:00:00,64,ucx-1.14.0,1.9628000575333333,20000000000.0,50000.0,1000.0,2500.0,1048576.0,0.0,,1.0,0.0,,,,30.0,0.15921132608520572,0.0030954049935702165,0.16046053815251346,0.01205837413054595
2022-09-12T00:00:00,128,ucx-1.12.1,2.24548144436,20000000000.0,50000.0,1000.0,2500.0,1048576.0,0.0,,1.0,0.0,,,,30.0,0.06958418667518042,0.0010218109111711027,0.06992567543868164,0.004348973279243598
2022-09-12T00:00:00,128,ucx-1.14.0,3.3123365809000003,20000000000.0,50000.0,1000.0,2500.0,1048576.0,0.0,,1.0,0.0,,,,30.0,0.047172138514240326,0.0005324447355505973,0.04732065184933917,0.0024583101360787637
2022-09-20T00:00:00,8,ucx-1.12.1,0.8657990646000001,20000000000.0,50000.0,1000.0,2500.0,1048576.0,0.0,,1.0,0.0,,,,30.0,2.88750600712996,0.1261381424352107,2.9726407282330456,0.37530285180911044
2022-09-20T00:00:00,8,ucx-1.13.1,0.9527582071666667,20000000000.0,50000.0,1000.0,2500.0,1048576.0,0.0,,1.0,0.0,,,,30.0,2.623960603220155,0.08696225942076874,2.6748857745612127,0.2931754737369592
2022-09-20T00:00:00,8,ucx-1.14.0,0.9327406375333334,20000000000.0,50000.0,1000.0,2500.0,1048576.0,0.0,,1.0,0.0,,,,30.0,2.680273485897796,0.1050483738282213,2.7452507006350495,0.317456885693692
2022-09-20T00:00:00,16,ucx-1.12.1,0.9093738865333333,20000000000.0,50000.0,1000.0,2500.0,1048576.0,0.0,,1.0,0.0,,,,30.0,1.3745721298037086,0.06019686086280329,1.4128360283740689,0.1663789875224361
2022-09-20T00:00:00,16,ucx-1.13.1,1.06398979961,20000000000.0,50000.0,1000.0,2500.0,1048576.0,0.0,,1.0,0.0,,,,30.0,1.1748232929095568,0.035533781566963234,1.1933285066489996,0.11536021197032749
2022-09-20T00:00:00,16,ucx-1.14.0,1.0600405102,20000000000.0,50000.0,1000.0,2500.0,1048576.0,0.0,,1.0,0.0,,,,30.0,1.1792002173239207,0.04256750505480319,1.203925688434923,0.12989106311992404
2022-09-20T00:00:00,32,ucx-1.12.1,1.0719727420333334,20000000000.0,50000.0,1000.0,2500.0,1048576.0,0.0,,1.0,0.0,,,,30.0,0.5830372130680216,0.017701663527754215,0.5920203461263136,0.05539039893705231
2022-09-20T00:00:00,32,ucx-1.13.1,1.3875663295999998,20000000000.0,50000.0,1000.0,2500.0,1048576.0,0.0,,1.0,0.0,,,,30.0,0.4504289176432897,0.010907406062548858,0.45536484758094303,0.03823532934347799
2022-09-20T00:00:00,32,ucx-1.14.0,1.3696913414333334,20000000000.0,50000.0,1000.0,2500.0,1048576.0,0.0,,1.0,0.0,,,,30.0,0.45630718476029763,0.011267010830860283,0.4616158055563457,0.04059343577675735
2022-09-20T00:00:00,64,ucx-1.12.1,1.4229356702566667,20000000000.0,50000.0,1000.0,2500.0,1048576.0,0.0,,1.0,0.0,,,,30.0,0.2196163934407743,0.0048152181585305555,0.221731226094466,0.01815129616499615
2022-09-20T00:00:00,64,ucx-1.14.0,1.9600709306833333,20000000000.0,50000.0,1000.0,2500.0,1048576.0,0.0,,1.0,0.0,,,,30.0,0.15943300576936473,0.0030866230055951994,0.1606420587631692,0.011685372683907387
2022-09-20T00:00:00,128,ucx-1.12.1,2.245637493436667,20000000000.0,50000.0,1000.0,2500.0,1048576.0,0.0,,1.0,0.0,,,,30.0,0.06957935127849997,0.0011413440381442502,0.06999451265174704,0.004747652344203354
2022-09-20T00:00:00,128,ucx-1.14.0,3.325894848536667,20000000000.0,50000.0,1000.0,2500.0,1048576.0,0.0,,1.0,0.0,,,,30.0,0.0469798376424159,0.0006659372669743745,0.04719737173061109,0.002873820200406238
2022-09-26T00:00:00,8,ucx-1.12.1,0.8634878856233335,20000000000.0,50000.0,1000.0,2500.0,1048576.0,0.0,,1.0,0.0,,,,30.0,2.8952345963664605,0.09465110449114118,2.9490063047719834,0.3133394267011996
2022-09-26T00:00:00,8,ucx-1.13.1,0.9567083246933333,20000000000.0,50000.0,1000.0,2500.0,1048576.0,0.0,,1.0,0.0,,,,30.0,2.613126629583116,0.09802912194450385,2.674485993807185,0.31527162324392616
2022-09-26T00:00:00,8,ucx-1.14.0,0.9387255588366668,20000000000.0,50000.0,1000.0,2500.0,1048576.0,0.0,,1.0,0.0,,,,30.0,2.6631851838551963,0.09467322133487341,2.717610944350638,0.29033353682343993
2022-09-26T00:00:00,16,ucx-1.12.1,0.9108750435366667,20000000000.0,50000.0,1000.0,2500.0,1048576.0,0.0,,1.0,0.0,,,,30.0,1.3723067822196646,0.06011940348985244,1.4109306492721807,0.1685615662563564
2022-09-26T00:00:00,16,ucx-1.13.1,1.0847801667033332,20000000000.0,50000.0,1000.0,2500.0,1048576.0,0.0,,1.0,0.0,,,,30.0,1.1523072032177477,0.04274190975590542,1.177430715416858,0.1287874500292584
2022-09-26T00:00:00,16,ucx-1.14.0,1.04280501429,20000000000.0,50000.0,1000.0,2500.0,1048576.0,0.0,,1.0,0.0,,,,30.0,1.1986900550637165,0.03651679391904916,1.2181143981555962,0.12082239633603575
2022-09-26T00:00:00,32,ucx-1.12.1,1.0651596164766668,20000000000.0,50000.0,1000.0,2500.0,1048576.0,0.0,,1.0,0.0,,,,30.0,0.5867665186813728,0.01939381762406441,0.5976911513229621,0.06295860138959615
2022-09-26T00:00:00,32,ucx-1.13.1,1.3830446868733333,20000000000.0,50000.0,1000.0,2500.0,1048576.0,0.0,,1.0,0.0,,,,30.0,0.4519015227287742,0.010217094860655557,0.4563506885964274,0.03691860978437959
2022-09-26T00:00:00,32,ucx-1.14.0,1.3414368462633335,20000000000.0,50000.0,1000.0,2500.0,1048576.0,0.0,,1.0,0.0,,,,30.0,0.46591831866030925,0.010522275743076442,0.47054022314445537,0.03846320706853695
2022-09-26T00:00:00,64,ucx-1.12.1,1.44347569768,20000000000.0,50000.0,1000.0,2500.0,1048576.0,0.0,,1.0,0.0,,,,30.0,0.2164913482798913,0.005435879062763759,0.21899193854426666,0.018662212842739865
2022-09-26T00:00:00,64,ucx-1.14.0,1.9793692249666668,20000000000.0,50000.0,1000.0,2500.0,1048576.0,0.0,,1.0,0.0,,,,30.0,0.15787857872007818,0.00286830739045616,0.15897609908954607,0.011317740697986207
2022-09-26T00:00:00,128,ucx-1.12.1,2.2431551004033334,20000000000.0,50000.0,1000.0,2500.0,1048576.0,0.0,,1.0,0.0,,,,30.0,0.06965635143637872,0.0012519624327660232,0.07014256841770544,0.005080616056264153
2022-09-26T00:00:00,128,ucx-1.14.0,3.3019329904266668,20000000000.0,50000.0,1000.0,2500.0,1048576.0,0.0,,1.0,0.0,,,,30.0,0.04732076648830168,0.0006199878504779907,0.047517675158935034,0.002816929612845338
2022-09-30T00:00:00,8,ucx-1.12.1,0.87292657163,20000000000.0,50000.0,1000.0,2500.0,1048576.0,0.0,,1.0,0.0,,,,30.0,2.8639293169089757,0.09610358607808295,2.9196043700824648,0.3169989757807548
2022-09-30T00:00:00,8,ucx-1.13.1,0.9524689455066667,20000000000.0,50000.0,1000.0,2500.0,1048576.0,0.0,,1.0,0.0,,,,30.0,2.6247574913532983,0.08123785803264483,2.6696631055140148,0.2762925965088809
2022-09-30T00:00:00,16,ucx-1.12.1,0.911984939,20000000000.0,50000.0,1000.0,2500.0,1048576.0,0.0,,1.0,0.0,,,,30.0,1.3706366701303607,0.05629215456797612,1.407557802577927,0.17417583692165062
2022-09-30T00:00:00,16,ucx-1.13.1,1.0735147401333334,20000000000.0,50000.0,1000.0,2500.0,1048576.0,0.0,,1.0,0.0,,,,30.0,1.164399475171386,0.03637743791901497,1.1837866786005002,0.11734323036790872
2022-09-30T00:00:00,32,ucx-1.12.1,1.0734190453866668,20000000000.0,50000.0,1000.0,2500.0,1048576.0,0.0,,1.0,0.0,,,,30.0,0.5822516403878996,0.016981849636896775,0.5907687997656763,0.05483738141597257
2022-09-30T00:00:00,64,ucx-1.12.1,1.41535933393,20000000000.0,50000.0,1000.0,2500.0,1048576.0,0.0,,1.0,0.0,,,,30.0,0.2207919872420578,0.00500330045522475,0.22298752579315936,0.018188488403633785
2022-09-30T00:00:00,128,ucx-1.12.1,2.2725900950633333,20000000000.0,50000.0,1000.0,2500.0,1048576.0,0.0,,1.0,0.0,,,,30.0,0.06875414987481303,0.0010941959731903528,0.06914513596603958,0.004608076139214211
2022-10-10T00:00:00,8,ucx-1.12.1,0.86411958966,20000000000.0,50000.0,1000.0,2500.0,1048576.0,0.0,,1.0,0.0,,,,30.0,2.8931180705944417,0.09726753430023613,2.949282194792293,0.31850262104664445
2022-10-10T00:00:00,8,ucx-1.13.1,0.9505937653233334,20000000000.0,50000.0,1000.0,2500.0,1048576.0,0.0,,1.0,0.0,,,,30.0,2.629935195450871,0.08027132793414483,2.6732117213884563,0.2695027976730643
2022-10-10T00:00:00,8,ucx-1.14.0,0.9627943229366667,20000000000.0,50000.0,1000.0,2500.0,1048576.0,0.0,,1.0,0.0,,,,30.0,2.596608580298465,0.07837173216589338,2.6381700396742045,0.2606769548631379
2022-10-10T00:00:00,16,ucx-1.12.1,0.9156172017233334,20000000000.0,50000.0,1000.0,2500.0,1048576.0,0.0,,1.0,0.0,,,,30.0,1.3651993405620888,0.048674175397347065,1.3932899552540463,0.14975738557997942
2022-10-10T00:00:00,16,ucx-1.13.1,1.0597873267233333,20000000000.0,50000.0,1000.0,2500.0,1048576.0,0.0,,1.0,0.0,,,,30.0,1.1794819285721874,0.03803849012024929,1.199784138182739,0.11853452239781705
2022-10-10T00:00:00,16,ucx-1.14.0,1.0780966020733334,20000000000.0,50000.0,1000.0,2500.0,1048576.0,0.0,,1.0,0.0,,,,30.0,1.1594508299127109,0.03633243654098163,1.1789047879279244,0.11743599206551061
2022-10-10T00:00:00,32,ucx-1.12.1,1.0700348736466667,20000000000.0,50000.0,1000.0,2500.0,1048576.0,0.0,,1.0,0.0,,,,30.0,0.584093112657167,0.018244691918409557,0.5935381334457926,0.05671097996329096
2022-10-10T00:00:00,32,ucx-1.13.1,1.37009125031,20000000000.0,50000.0,1000.0,2500.0,1048576.0,0.0,,1.0,0.0,,,,30.0,0.4561739956069248,0.010743739061997016,0.46099978398461056,0.038496467911702845
2022-10-10T00:00:00,32,ucx-1.14.0,1.4004056699666667,20000000000.0,50000.0,1000.0,2500.0,1048576.0,0.0,,1.0,0.0,,,,30.0,0.4462992498558484,0.010640330303128108,0.4511713376671731,0.03850815255035045
2022-10-10T00:00:00,64,ucx-1.12.1,1.4160878594366666,20000000000.0,50000.0,1000.0,2500.0,1048576.0,0.0,,1.0,0.0,,,,30.0,0.22067839782505833,0.0049377582040880975,0.2228275003216336,0.018040778969510944
2022-10-10T00:00:00,64,ucx-1.14.0,2.1025734839933334,20000000000.0,50000.0,1000.0,2500.0,1048576.0,0.0,,1.0,0.0,,,,30.0,0.14862738562006467,0.0024215107820382714,0.14950493807983972,0.010100469840404127
2022-10-10T00:00:00,128,ucx-1.12.1,2.2792724204633337,20000000000.0,50000.0,1000.0,2500.0,1048576.0,0.0,,1.0,0.0,,,,30.0,0.06855257783018201,0.0009985323911157792,0.06887861430317406,0.004182851513247443
2022-10-10T00:00:00,128,ucx-1.14.0,3.6386286479566667,20000000000.0,50000.0,1000.0,2500.0,1048576.0,0.0,,1.0,0.0,,,,30.0,0.04294200236337524,0.00044144140945044863,0.04305922796355734,0.002130189273500656
2022-10-18T00:00:00,8,ucx-1.12.1,0.8745400996733335,20000000000.0,50000.0,1000.0,2500.0,1048576.0,0.0,,1.0,0.0,,,,30.0,2.858645362212464,0.10274678610101219,2.91964828914257,0.32469937041119534
2022-10-18T00:00:00,8,ucx-1.13.1,0.95438631309,20000000000.0,50000.0,1000.0,2500.0,1048576.0,0.0,,1.0,0.0,,,,30.0,2.6194843384811257,0.08024248304172897,2.6634285382445797,0.2724577971810168
2022-10-18T00:00:00,8,ucx-1.14.0,0.9537654047666667,20000000000.0,50000.0,1000.0,2500.0,1048576.0,0.0,,1.0,0.0,,,,30.0,2.621189642133865,0.0823466583776595,2.6661512467207373,0.2716120063558755
2022-10-18T00:00:00,16,ucx-1.12.1,0.9100814733966668,20000000000.0,50000.0,1000.0,2500.0,1048576.0,0.0,,1.0,0.0,,,,30.0,1.3735034022115258,0.050854107983897445,1.4030708625167978,0.15134993956316217
2022-10-18T00:00:00,16,ucx-1.13.1,1.0819087948633335,20000000000.0,50000.0,1000.0,2500.0,1048576.0,0.0,,1.0,0.0,,,,30.0,1.1553654115159493,0.0355905081806822,1.1742056127272733,0.11551755732497597
2022-10-18T00:00:00,16,ucx-1.14.0,1.0995538342366666,20000000000.0,50000.0,1000.0,2500.0,1048576.0,0.0,,1.0,0.0,,,,30.0,1.136824738433818,0.04118785032095419,1.160592857817876,0.12434075533680537
2022-10-18T00:00:00,32,ucx-1.12.1,1.0872075984333334,20000000000.0,50000.0,1000.0,2500.0,1048576.0,0.0,,1.0,0.0,,,,30.0,0.5748672111017484,0.020964948899828945,0.5868391775813727,0.061977404154066724
2022-10-18T00:00:00,64,ucx-1.12.1,1.4902471935366668,20000000000.0,50000.0,1000.0,2500.0,1048576.0,0.0,,1.0,0.0,,,,30.0,0.2096967545755765,0.005122091137692622,0.2120189196997734,0.017826645398335995
2022-10-18T00:00:00,64,ucx-1.14.0,2.13080413276,20000000000.0,50000.0,1000.0,2500.0,1048576.0,0.0,,1.0,0.0,,,,30.0,0.14665824755803492,0.0023688535891467294,0.1475044141739184,0.00982015492876257
2022-10-18T00:00:00,128,ucx-1.12.1,2.3925998009233336,20000000000.0,50000.0,1000.0,2500.0,1048576.0,0.0,,1.0,0.0,,,,30.0,0.06530553080364766,0.001648913660477736,0.06607008788323294,0.005681977807337328
2022-10-18T00:00:00,128,ucx-1.14.0,3.6457407695833335,20000000000.0,50000.0,1000.0,2500.0,1048576.0,0.0,,1.0,0.0,,,,30.0,0.04285823098109567,0.000457647350545799,0.04298320103264951,0.00218692935895593
2022-10-31T00:00:00,8,ucx-1.12.1,0.8476674721633334,20000000000.0,50000.0,1000.0,2500.0,1048576.0,0.0,,1.0,0.0,,,,30.0,2.9492697102317096,0.04079934508698104,2.9650379037794337,0.21264905637655768
2022-10-31T00:00:00,8,ucx-1.13.1,0.92675661579,20000000000.0,50000.0,1000.0,2500.0,1048576.0,0.0,,1.0,0.0,,,,30.0,2.697579879555445,0.03401192306342256,2.7095221554214812,0.17658476028606698
2022-10-31T00:00:00,8,ucx-1.15.0,0.9376946403366666,20000000000.0,50000.0,1000.0,2500.0,1048576.0,0.0,,1.0,0.0,,,,30.0,2.6661131379639844,0.030108596826651273,2.6757105275322908,0.15812250017286536
2022-10-31T00:00:00,16,ucx-1.12.1,0.8751291127466667,20000000000.0,50000.0,1000.0,2500.0,1048576.0,0.0,,1.0,0.0,,,,30.0,1.4283606633503134,0.02595752032991172,1.4387675570814271,0.1078573664546311
2022-10-31T00:00:00,16,ucx-1.13.1,1.0428085543,20000000000.0,50000.0,1000.0,2500.0,1048576.0,0.0,,1.0,0.0,,,,30.0,1.1986859858846095,0.021518591613503023,1.2071116741261247,0.08817030640921535
2022-10-31T00:00:00,16,ucx-1.15.0,1.0443255551566668,20000000000.0,50000.0,1000.0,2500.0,1048576.0,0.0,,1.0,0.0,,,,30.0,1.196944759062684,0.019775521438448573,1.2043979071903537,0.08484522365857551
2022-10-31T00:00:00,32,ucx-1.12.1,1.0680634253533334,20000000000.0,50000.0,1000.0,2500.0,1048576.0,0.0,,1.0,0.0,,,,30.0,0.5851712409244231,0.009781459063679528,0.5891248486951218,0.04468012978576742
2022-10-31T00:00:00,64,ucx-1.12.1,1.4238904651066666,20000000000.0,50000.0,1000.0,2500.0,1048576.0,0.0,,1.0,0.0,,,,30.0,0.21946912888175704,0.00297625534274713,0.22043279917264005,0.01332011942437911
2022-10-31T00:00:00,64,ucx-1.15.0,2.0881176164,20000000000.0,50000.0,1000.0,2500.0,1048576.0,0.0,,1.0,0.0,,,,30.0,0.14965632086317188,0.0012944467234528546,0.14996704873681688,0.006693995802819696
2022-10-31T00:00:00,128,ucx-1.12.1,2.28791243459,20000000000.0,50000.0,1000.0,2500.0,1048576.0,0.0,,1.0,0.0,,,,30.0,0.06829369762483957,0.0006830534409318722,0.06847298712294878,0.0033472738857213526
2022-10-31T00:00:00,128,ucx-1.15.0,3.5851587637200004,20000000000.0,50000.0,1000.0,2500.0,1048576.0,0.0,,1.0,0.0,,,,30.0,0.043582449285418344,0.0003391173970169015,0.043656904802942945,0.001780547997943327
2022-11-07T00:00:00,8,ucx-1.12.1,0.84232081734,20000000000.0,50000.0,1000.0,2500.0,1048576.0,0.0,,1.0,0.0,,,,30.0,2.9679902817727504,0.03860946662333137,2.982030268566431,0.20130485108866347
2022-11-07T00:00:00,8,ucx-1.13.1,0.9420345886566667,20000000000.0,50000.0,1000.0,2500.0,1048576.0,0.0,,1.0,0.0,,,,30.0,2.6538303689729466,0.029320408777680815,2.66288167840129,0.15276898062956806
2022-11-07T00:00:00,8,ucx-1.14.0,0.9294276534066667,20000000000.0,50000.0,1000.0,2500.0,1048576.0,0.0,,1.0,0.0,,,,30.0,2.6898274339445942,0.03537987035946836,2.702564999453915,0.1808370162565955
2022-11-07T00:00:00,8,ucx-1.15.0,0.9383931520600001,20000000000.0,50000.0,1000.0,2500.0,1048576.0,0.0,,1.0,0.0,,,,30.0,2.664128563291298,0.0320012384399761,2.674762151521962,0.16475539160116262
2022-11-07T00:00:00,16,ucx-1.12.1,0.8822803669066667,20000000000.0,50000.0,1000.0,2500.0,1048576.0,0.0,,1.0,0.0,,,,30.0,1.4167831982735628,0.026276080310959442,1.4273913535123675,0.1076920240640419
2022-11-07T00:00:00,16,ucx-1.13.1,1.0521949098166667,20000000000.0,50000.0,1000.0,2500.0,1048576.0,0.0,,1.0,0.0,,,,30.0,1.1879928218031384,0.01737424096171329,1.1941052859671575,0.07842196822872209
2022-11-07T00:00:00,16,ucx-1.14.0,1.0457273316,20000000000.0,50000.0,1000.0,2500.0,1048576.0,0.0,,1.0,0.0,,,,30.0,1.195340278701003,0.019890699066452456,1.202572562725176,0.08149589247090915
2022-11-07T00:00:00,16,ucx-1.15.0,1.05548669112,20000000000.0,50000.0,1000.0,2500.0,1048576.0,0.0,,1.0,0.0,,,,30.0,1.1842877892411865,0.01444838053795254,1.1885319974493571,0.06505711994704791
2022-11-07T00:00:00,32,ucx-1.12.1,1.0542993095666666,20000000000.0,50000.0,1000.0,2500.0,1048576.0,0.0,,1.0,0.0,,,,30.0,0.5928107837392823,0.009427905033342062,0.5964843557532291,0.04348670363670525
2022-11-07T00:00:00,32,ucx-1.14.0,1.3654054265133333,20000000000.0,50000.0,1000.0,2500.0,1048576.0,0.0,,1.0,0.0,,,,30.0,0.4577395020290677,0.00635493778304424,0.45987040215291075,0.028780185176288928
2022-11-07T00:00:00,32,ucx-1.15.0,1.4077047768666666,20000000000.0,50000.0,1000.0,2500.0,1048576.0,0.0,,1.0,0.0,,,,30.0,0.4439851382696544,0.0048311433749614425,0.445381597406552,0.02396416190514166
2022-11-07T00:00:00,64,ucx-1.12.1,1.4368238245366667,20000000000.0,50000.0,1000.0,2500.0,1048576.0,0.0,,1.0,0.0,,,,30.0,0.2174936096294005,0.0024999152240430546,0.2182056227680055,0.011582415729969688
2022-11-07T00:00:00,64,ucx-1.14.0,2.09829582932,20000000000.0,50000.0,1000.0,2500.0,1048576.0,0.0,,1.0,0.0,,,,30.0,0.14893038228135477,0.00127712948870705,0.14923631743857488,0.006644335177763404
2022-11-07T00:00:00,64,ucx-1.15.0,2.10509960633,20000000000.0,50000.0,1000.0,2500.0,1048576.0,0.0,,1.0,0.0,,,,30.0,0.1484490325589904,0.0013543403111638545,0.14877556956673427,0.006680569070301886
2022-11-07T00:00:00,128,ucx-1.12.1,2.294657330863333,20000000000.0,50000.0,1000.0,2500.0,1048576.0,0.0,,1.0,0.0,,,,30.0,0.06809295570995477,0.0008393255655508962,0.06834243060945545,0.0037876872266699732
2022-11-07T00:00:00,128,ucx-1.14.0,3.6055567033166667,20000000000.0,50000.0,1000.0,2500.0,1048576.0,0.0,,1.0,0.0,,,,30.0,0.04333588759158032,0.00033309067034567,0.043407947852068,0.0017464357846834109
2022-11-07T00:00:00,128,ucx-1.15.0,3.6165079189933333,20000000000.0,50000.0,1000.0,2500.0,1048576.0,0.0,,1.0,0.0,,,,30.0,0.04320466137496878,0.0002914254920896,0.04325839953955632,0.001483589569333823
2022-11-14T00:00:00,8,ucx-1.12.1,0.89203600402,20000000000.0,50000.0,1000.0,2500.0,1048576.0,0.0,,1.0,0.0,,,,30.0,2.802577461821763,0.03779576025750808,2.8169301959652016,0.1984612851099196
2022-11-14T00:00:00,8,ucx-1.13.1,0.9673087741933333,20000000000.0,50000.0,1000.0,2500.0,1048576.0,0.0,,1.0,0.0,,,,30.0,2.5844901511255514,0.03286290311305297,2.595954884968252,0.16784609174486834
2022-11-14T00:00:00,8,ucx-1.14.0,0.9823431440566668,20000000000.0,50000.0,1000.0,2500.0,1048576.0,0.0,,1.0,0.0,,,,30.0,2.5449355605781956,0.025026982633873866,2.5519673765611133,0.1331668622064906
2022-11-14T00:00:00,8,ucx-1.15.0,0.9821383718900001,20000000000.0,50000.0,1000.0,2500.0,1048576.0,0.0,,1.0,0.0,,,,30.0,2.5454661700968564,0.031018494436309777,2.556297391803841,0.16557514916277455
2022-11-14T00:00:00,16,ucx-1.12.1,0.8728127131033333,20000000000.0,50000.0,1000.0,2500.0,1048576.0,0.0,,1.0,0.0,,,,30.0,1.4321514584217692,0.031171334702981637,1.447803801511166,0.13700999101018874
2022-11-14T00:00:00,16,ucx-1.13.1,1.0554852167933333,20000000000.0,50000.0,1000.0,2500.0,1048576.0,0.0,,1.0,0.0,,,,30.0,1.1842894434823268,0.0215194317594141,1.1928170266167144,0.08847933850285904
2022-11-14T00:00:00,16,ucx-1.14.0,1.0552476199066667,20000000000.0,50000.0,1000.0,2500.0,1048576.0,0.0,,1.0,0.0,,,,30.0,1.1845560950998006,0.017551744771755282,1.190658109315869,0.07719093143861074
2022-11-14T00:00:00,16,ucx-1.15.0,1.0581048253833332,20000000000.0,50000.0,1000.0,2500.0,1048576.0,0.0,,1.0,0.0,,,,30.0,1.1813574326599885,0.01746515769484972,1.1872823657165725,0.07507104754442952
2022-11-14T00:00:00,32,ucx-1.12.1,1.0536853827766666,20000000000.0,50000.0,1000.0,2500.0,1048576.0,0.0,,1.0,0.0,,,,30.0,0.5931561832555777,0.010961748717801183,0.5978982777652002,0.04831806492002148
2022-11-14T00:00:00,64,ucx-1.12.1,1.4427921880933332,20000000000.0,50000.0,1000.0,2500.0,1048576.0,0.0,,1.0,0.0,,,,30.0,0.2165939090736084,0.0029941016643962324,0.21762875778982968,0.01400878602886756
2022-11-14T00:00:00,64,ucx-1.14.0,2.1023804323733333,20000000000.0,50000.0,1000.0,2500.0,1048576.0,0.0,,1.0,0.0,,,,30.0,0.14864103336769802,0.001470051728917179,0.14901335383515532,0.007027823382872794
2022-11-14T00:00:00,64,ucx-1.15.0,2.1103065008666664,20000000000.0,50000.0,1000.0,2500.0,1048576.0,0.0,,1.0,0.0,,,,30.0,0.14808275474281182,0.001323005535706397,0.1483960115518893,0.006545298461142395
2022-11-14T00:00:00,128,ucx-1.12.1,2.355905835006667,20000000000.0,50000.0,1000.0,2500.0,1048576.0,0.0,,1.0,0.0,,,,30.0,0.06632268475176889,0.0005702260334827591,0.06645711567322317,0.002917526660091231
2022-11-14T00:00:00,128,ucx-1.14.0,3.653774541596667,20000000000.0,50000.0,1000.0,2500.0,1048576.0,0.0,,1.0,0.0,,,,30.0,0.04276399603236607,0.00029288606864279757,0.04282131600352052,0.001557375546920797
2022-11-14T00:00:00,128,ucx-1.15.0,3.6399449038833334,20000000000.0,50000.0,1000.0,2500.0,1048576.0,0.0,,1.0,0.0,,,,30.0,0.04292647392363059,0.0002992611980961319,0.042987246078411305,0.001622022038686124
2022-11-21T00:00:00,8,ucx-1.12.1,0.8920037337833334,20000000000.0,50000.0,1000.0,2500.0,1048576.0,0.0,,1.0,0.0,,,,30.0,2.8026788513502416,0.039766040785871676,2.8186501704730005,0.20985105758287745
2022-11-21T00:00:00,8,ucx-1.13.1,0.9847459156766667,20000000000.0,50000.0,1000.0,2500.0,1048576.0,0.0,,1.0,0.0,,,,30.0,2.5387259395558184,0.03565060017391301,2.5523632116920694,0.18113504389463753
2022-11-21T00:00:00,8,ucx-1.14.0,0.9760688170666667,20000000000.0,50000.0,1000.0,2500.0,1048576.0,0.0,,1.0,0.0,,,,30.0,2.561294814758176,0.02800728957000731,2.5701837243485643,0.15150840430326717
2022-11-21T00:00:00,8,ucx-1.15.0,0.9852418387966666,20000000000.0,50000.0,1000.0,2500.0,1048576.0,0.0,,1.0,0.0,,,,30.0,2.537448067627128,0.02679910766295224,2.5457820104722413,0.14715356073990415
2022-11-21T00:00:00,16,ucx-1.12.1,0.8743034154133333,20000000000.0,50000.0,1000.0,2500.0,1048576.0,0.0,,1.0,0.0,,,,30.0,1.4297096156361846,0.028768167160321306,1.4422539714014393,0.11773053542323675
2022-11-21T00:00:00,16,ucx-1.13.1,1.0584556936633334,20000000000.0,50000.0,1000.0,2500.0,1048576.0,0.0,,1.0,0.0,,,,30.0,1.180965823589392,0.021139945316850484,1.1893134741470062,0.0877919320773861
2022-11-21T00:00:00,16,ucx-1.14.0,1.05713006295,20000000000.0,50000.0,1000.0,2500.0,1048576.0,0.0,,1.0,0.0,,,,30.0,1.1824467431299626,0.019463215373117813,1.1898545861432828,0.08463150862135975
2022-11-21T00:00:00,16,ucx-1.15.0,1.0592369840133333,20000000000.0,50000.0,1000.0,2500.0,1048576.0,0.0,,1.0,0.0,,,,30.0,1.1800947463747786,0.01913082156838618,1.187590597373237,0.08709708456570524
2022-11-21T00:00:00,32,ucx-1.12.1,1.0577222463966667,20000000000.0,50000.0,1000.0,2500.0,1048576.0,0.0,,1.0,0.0,,,,30.0,0.5908923652964493,0.008831419432192948,0.5939471140664334,0.03825274585432522
2022-11-21T00:00:00,32,ucx-1.14.0,1.3934930555633334,20000000000.0,50000.0,1000.0,2500.0,1048576.0,0.0,,1.0,0.0,,,,30.0,0.4485131788097341,0.006800268189990996,0.4510655121118919,0.03160379713171567
2022-11-21T00:00:00,32,ucx-1.15.0,1.3987780159699998,20000000000.0,50000.0,1000.0,2500.0,1048576.0,0.0,,1.0,0.0,,,,30.0,0.4468185751164998,0.00693307484989049,0.449442253047629,0.031837714668365165
2022-11-21T00:00:00,64,ucx-1.12.1,1.43658492736,20000000000.0,50000.0,1000.0,2500.0,1048576.0,0.0,,1.0,0.0,,,,30.0,0.217529777772539,0.002803070373828522,0.2184157269760491,0.012878189982260157
2022-11-21T00:00:00,64,ucx-1.14.0,2.11288488916,20000000000.0,50000.0,1000.0,2500.0,1048576.0,0.0,,1.0,0.0,,,,30.0,0.14790204691379932,0.0012147628473821801,0.14817909573708457,0.006294421784448947
2022-11-21T00:00:00,64,ucx-1.15.0,2.13327395556,20000000000.0,50000.0,1000.0,2500.0,1048576.0,0.0,,1.0,0.0,,,,30.0,0.1464884522616161,0.0015220847028105619,0.1469193502343785,0.007757187585131452
2022-11-21T00:00:00,128,ucx-1.12.1,2.2682398504033334,20000000000.0,50000.0,1000.0,2500.0,1048576.0,0.0,,1.0,0.0,,,,30.0,0.06888601307847403,0.0006815623399068913,0.06906444578380874,0.0033604258205628505
2022-11-21T00:00:00,128,ucx-1.14.0,3.59415659349,20000000000.0,50000.0,1000.0,2500.0,1048576.0,0.0,,1.0,0.0,,,,30.0,0.043473342336561374,0.0003056091331699017,0.04353555141501667,0.0016469211605065876
2022-11-29T00:00:00,8,ucx-1.12.1,0.8429266485600001,20000000000.0,50000.0,1000.0,2500.0,1048576.0,0.0,,1.0,0.0,,,,30.0,2.9658571173076975,0.038378361511802295,2.9789755270258476,0.1890244702771672
2022-11-29T00:00:00,8,ucx-1.13.1,0.9409971162666667,20000000000.0,50000.0,1000.0,2500.0,1048576.0,0.0,,1.0,0.0,,,,30.0,2.6567562820155675,0.04068512352470866,2.6727834760536684,0.19578041306433244
2022-11-29T00:00:00,8,ucx-1.14.0,0.93713906619,20000000000.0,50000.0,1000.0,2500.0,1048576.0,0.0,,1.0,0.0,,,,30.0,2.6676937182481493,0.035353940757537144,2.680136906671979,0.17540349817927509
2022-11-29T00:00:00,8,ucx-1.15.0,0.94902957324,20000000000.0,50000.0,1000.0,2500.0,1048576.0,0.0,,1.0,0.0,,,,30.0,2.6342698589096294,0.03116404382326032,2.644564933790995,0.16226714989023694
2022-11-29T00:00:00,16,ucx-1.12.1,0.8505412819466667,20000000000.0,50000.0,1000.0,2500.0,1048576.0,0.0,,1.0,0.0,,,,30.0,1.4696523573071922,0.032955349327769466,1.4850195306043887,0.12980536146275237
2022-11-29T00:00:00,16,ucx-1.13.1,1.0329616130000001,20000000000.0,50000.0,1000.0,2500.0,1048576.0,0.0,,1.0,0.0,,,,30.0,1.2101127324273568,0.01836754228127472,1.216572404620667,0.07990571388018454
2022-11-29T00:00:00,16,ucx-1.14.0,1.0508841306333332,20000000000.0,50000.0,1000.0,2500.0,1048576.0,0.0,,1.0,0.0,,,,30.0,1.1894746181452622,0.020846183777467994,1.1977735749842897,0.08906772281952273
2022-11-29T00:00:00,16,ucx-1.15.0,1.0483413743766667,20000000000.0,50000.0,1000.0,2500.0,1048576.0,0.0,,1.0,0.0,,,,30.0,1.1923596936572665,0.02149250058606555,1.2009040309171366,0.08941499538790268
2022-11-29T00:00:00,32,ucx-1.12.1,1.02045314492,20000000000.0,50000.0,1000.0,2500.0,1048576.0,0.0,,1.0,0.0,,,,30.0,0.6124730009519428,0.011998435007584534,0.6180531561459707,0.05359234520185271
2022-11-29T00:00:00,32,ucx-1.13.1,1.3591494004533333,20000000000.0,50000.0,1000.0,2500.0,1048576.0,0.0,,1.0,0.0,,,,30.0,0.45984643026847255,0.006138381709619311,0.46194290565785207,0.029469716879849048
2022-11-29T00:00:00,32,ucx-1.14.0,1.3776583630533332,20000000000.0,50000.0,1000.0,2500.0,1048576.0,0.0,,1.0,0.0,,,,30.0,0.45366835259127614,0.006258958105017308,0.4558986490126694,0.03030831990820036
2022-11-29T00:00:00,32,ucx-1.15.0,1.3936495482666666,20000000000.0,50000.0,1000.0,2500.0,1048576.0,0.0,,1.0,0.0,,,,30.0,0.4484628153306803,0.006452970150468357,0.45074019700862294,0.029710781195461406
2022-11-29T00:00:00,64,ucx-1.12.1,1.4281354786266667,20000000000.0,50000.0,1000.0,2500.0,1048576.0,0.0,,1.0,0.0,,,,30.0,0.21881677521274687,0.002944420732414239,0.21987456807657116,0.014705594093646664
2022-11-29T00:00:00,64,ucx-1.14.0,2.0972247607466667,20000000000.0,50000.0,1000.0,2500.0,1048576.0,0.0,,1.0,0.0,,,,30.0,0.14900644215584305,0.0013503090686142539,0.14934957435189278,0.007058909330377822
2022-11-29T00:00:00,64,ucx-1.15.0,2.08681092982,20000000000.0,50000.0,1000.0,2500.0,1048576.0,0.0,,1.0,0.0,,,,30.0,0.149750030313937,0.0012492450797353082,0.15003602695630655,0.006387398403232843
2022-12-05T00:00:00,8,ucx-1.12.1,0.8567889451133334,20000000000.0,50000.0,1000.0,2500.0,1048576.0,0.0,,1.0,0.0,,,,30.0,2.9178714481071037,0.03438412392890023,2.9289657622271514,0.17555629805627254
2022-12-05T00:00:00,8,ucx-1.13.1,0.9396266427866667,20000000000.0,50000.0,1000.0,2500.0,1048576.0,0.0,,1.0,0.0,,,,30.0,2.6606312402825316,0.029515393002865698,2.669498495333928,0.14896609087183207
2022-12-05T00:00:00,8,ucx-1.14.0,0.94508056314,20000000000.0,50000.0,1000.0,2500.0,1048576.0,0.0,,1.0,0.0,,,,30.0,2.64527713033673,0.03584959234422777,2.6587160894069455,0.1850153876430926
2022-12-05T00:00:00,8,ucx-1.15.0,0.9460469839166666,20000000000.0,50000.0,1000.0,2500.0,1048576.0,0.0,,1.0,0.0,,,,30.0,2.642574885287319,0.03015265717965668,2.651675730004122,0.14867431218243315
2022-12-05T00:00:00,16,ucx-1.12.1,0.83943481079,20000000000.0,50000.0,1000.0,2500.0,1048576.0,0.0,,1.0,0.0,,,,30.0,1.4890971686337537,0.027406818873014473,1.5007350039567773,0.11958261622521253
2022-12-05T00:00:00,16,ucx-1.13.1,1.0191016898833334,20000000000.0,50000.0,1000.0,2500.0,1048576.0,0.0,,1.0,0.0,,,,30.0,1.2265704319880972,0.02150448917273172,1.2349267437944271,0.08968775082474595
2022-12-05T00:00:00,16,ucx-1.14.0,1.0322855241866666,20000000000.0,50000.0,1000.0,2500.0,1048576.0,0.0,,1.0,0.0,,,,30.0,1.2109052880353715,0.02125317592081857,1.2197750505077092,0.09570396093826382
2022-12-05T00:00:00,16,ucx-1.15.0,1.0332301973333333,20000000000.0,50000.0,1000.0,2500.0,1048576.0,0.0,,1.0,0.0,,,,30.0,1.2097981681392282,0.016087478136769744,1.2150616661006914,0.07429873086468675
2022-12-05T00:00:00,32,ucx-1.12.1,1.0228963542766667,20000000000.0,50000.0,1000.0,2500.0,1048576.0,0.0,,1.0,0.0,,,,30.0,0.6110100963669619,0.00915610103792288,0.6141977081313672,0.03993994798197071
2022-12-05T00:00:00,32,ucx-1.13.1,1.3627912284200001,20000000000.0,50000.0,1000.0,2500.0,1048576.0,0.0,,1.0,0.0,,,,30.0,0.45861756882939125,0.006617349774370506,0.4608655295962444,0.02920592711308238
2022-12-05T00:00:00,64,ucx-1.12.1,1.4006696290333334,20000000000.0,50000.0,1000.0,2500.0,1048576.0,0.0,,1.0,0.0,,,,30.0,0.22310757192305986,0.002935872285513713,0.2240626329016147,0.01358544489742678
2022-12-05T00:00:00,64,ucx-1.14.0,2.052463878476667,20000000000.0,50000.0,1000.0,2500.0,1048576.0,0.0,,1.0,0.0,,,,30.0,0.15225602909608169,0.0015349980145946006,0.1526497314079713,0.007297185541778849
2022-12-05T00:00:00,64,ucx-1.15.0,2.0819695704066667,20000000000.0,50000.0,1000.0,2500.0,1048576.0,0.0,,1.0,0.0,,,,30.0,0.15009825524921577,0.0014447913262435825,0.15047369238425137,0.007281206117272493
2022-12-05T00:00:00,128,ucx-1.12.1,2.2429201679633333,20000000000.0,50000.0,1000.0,2500.0,1048576.0,0.0,,1.0,0.0,,,,30.0,0.06966364752156186,0.0006345611423049256,0.06982257319669026,0.003252737263654294
2022-12-05T00:00:00,128,ucx-1.14.0,3.5835013455999998,20000000000.0,50000.0,1000.0,2500.0,1048576.0,0.0,,1.0,0.0,,,,30.0,0.043602606761080596,0.0002975751534133252,0.04366090209050244,0.0015883543840723591
2022-12-05T00:00:00,128,ucx-1.15.0,3.58688791857,20000000000.0,50000.0,1000.0,2500.0,1048576.0,0.0,,1.0,0.0,,,,30.0,0.04356143920501783,0.0002719918447683561,0.04361152471576689,0.001491528411248515
2022-12-14T00:00:00,8,ucx-1.12.1,0.86354862526,20000000000.0,50000.0,1000.0,2500.0,1048576.0,0.0,,1.0,0.0,,,,30.0,2.8950309535230776,0.04076693938706164,2.9105823456118705,0.206916477984556
2022-12-14T00:00:00,8,ucx-1.13.1,0.9520066628866667,20000000000.0,50000.0,1000.0,2500.0,1048576.0,0.0,,1.0,0.0,,,,30.0,2.62603204101484,0.03476934812723015,2.6382608963277923,0.17270061397966432
2022-12-14T00:00:00,8,ucx-1.14.0,0.9578206988033333,20000000000.0,50000.0,1000.0,2500.0,1048576.0,0.0,,1.0,0.0,,,,30.0,2.6100918503049786,0.030456447220095,2.6200447307576753,0.15892979552443942
2022-12-14T00:00:00,8,ucx-1.15.0,0.9501562204866667,20000000000.0,50000.0,1000.0,2500.0,1048576.0,0.0,,1.0,0.0,,,,30.0,2.631146274787854,0.03265793786109458,2.6421594295893187,0.1654458859639118
2022-12-14T00:00:00,16,ucx-1.12.1,0.86585034607,20000000000.0,50000.0,1000.0,2500.0,1048576.0,0.0,,1.0,0.0,,,,30.0,1.4436674948201071,0.029541731865793792,1.4566762776292799,0.12047972920364439
2022-12-14T00:00:00,16,ucx-1.13.1,1.0401018530866668,20000000000.0,50000.0,1000.0,2500.0,1048576.0,0.0,,1.0,0.0,,,,30.0,1.2018053773199495,0.024560689764748036,1.2120833490291512,0.09472646133682903
2022-12-14T00:00:00,16,ucx-1.14.0,1.0371550182733333,20000000000.0,50000.0,1000.0,2500.0,1048576.0,0.0,,1.0,0.0,,,,30.0,1.205220027842138,0.020677466679518374,1.2136344649586834,0.09258902050101304
2022-12-14T00:00:00,16,ucx-1.15.0,1.0374827577366668,20000000000.0,50000.0,1000.0,2500.0,1048576.0,0.0,,1.0,0.0,,,,30.0,1.2048393003917994,0.020200640446898104,1.212890059431419,0.09055205958888321
2022-12-14T00:00:00,32,ucx-1.12.1,1.0311197202366666,20000000000.0,50000.0,1000.0,2500.0,1048576.0,0.0,,1.0,0.0,,,,30.0,0.6061371805172608,0.009776836198509524,0.6099901729565945,0.045111412635263276
2022-12-14T00:00:00,32,ucx-1.13.1,1.3655531080999999,20000000000.0,50000.0,1000.0,2500.0,1048576.0,0.0,,1.0,0.0,,,,30.0,0.4576899985014945,0.006423023768895951,0.45998470343866005,0.03065146590349683
2022-12-14T00:00:00,64,ucx-1.12.1,1.36547413637,20000000000.0,50000.0,1000.0,2500.0,1048576.0,0.0,,1.0,0.0,,,,30.0,0.22885823442306666,0.0029712002295398253,0.22982336682811091,0.013942203980563936
2022-12-14T00:00:00,64,ucx-1.14.0,2.0503824675166666,20000000000.0,50000.0,1000.0,2500.0,1048576.0,0.0,,1.0,0.0,,,,30.0,0.1524105892197207,0.001258991165757005,0.1526964295246455,0.006449871949662145
2022-12-14T00:00:00,64,ucx-1.15.0,2.0439617136166666,20000000000.0,50000.0,1000.0,2500.0,1048576.0,0.0,,1.0,0.0,,,,30.0,0.1528893608516033,0.0014801141056633026,0.15329136294451606,0.00775837288779353
2022-12-14T00:00:00,128,ucx-1.12.1,2.23073404329,20000000000.0,50000.0,1000.0,2500.0,1048576.0,0.0,,1.0,0.0,,,,30.0,0.07004420830443533,0.0006016041062748652,0.07018776519932458,0.003113242422351303
2022-12-14T00:00:00,128,ucx-1.14.0,3.52174446595,20000000000.0,50000.0,1000.0,2500.0,1048576.0,0.0,,1.0,0.0,,,,30.0,0.044367216733270605,0.0003386275890184567,0.044439994684604356,0.001776248131848619
2022-12-14T00:00:00,128,ucx-1.15.0,3.5096799825633336,20000000000.0,50000.0,1000.0,2500.0,1048576.0,0.0,,1.0,0.0,,,,30.0,0.04451972851549875,0.00022341240914749256,0.044552057835739366,0.0011978596078756896
2023-01-09T00:00:00,8,ucx-1.12.1,0.8504622563466667,20000000000.0,50000.0,1000.0,2500.0,1048576.0,0.0,,1.0,0.0,,,,30.0,2.9395778370450656,0.04405163139148711,2.95706918619702,0.2187107343415098
2023-01-09T00:00:00,8,ucx-1.13.1,0.9521229302466667,20000000000.0,50000.0,1000.0,2500.0,1048576.0,0.0,,1.0,0.0,,,,30.0,2.62571136623327,0.02840104903193341,2.6341170265462948,0.14484446637045978
2023-01-09T00:00:00,8,ucx-1.14.0,0.95597216224,20000000000.0,50000.0,1000.0,2500.0,1048576.0,0.0,,1.0,0.0,,,,30.0,2.6151389117253045,0.03207759941360877,2.625858351195686,0.1630494373310717
2023-01-09T00:00:00,8,ucx-1.15.0,0.96446464606,20000000000.0,50000.0,1000.0,2500.0,1048576.0,0.0,,1.0,0.0,,,,30.0,2.5921116032743345,0.03279770547203309,2.603350659406503,0.1656741947549158
2023-01-09T00:00:00,16,ucx-1.12.1,0.85178494007,20000000000.0,50000.0,1000.0,2500.0,1048576.0,0.0,,1.0,0.0,,,,30.0,1.467506574954559,0.033286377581270815,1.483888245936416,0.1372410991562534
2023-01-09T00:00:00,16,ucx-1.13.1,1.01923842035,20000000000.0,50000.0,1000.0,2500.0,1048576.0,0.0,,1.0,0.0,,,,30.0,1.2264058880068098,0.0238064950660145,1.236535892851173,0.09859686682740842
2023-01-09T00:00:00,16,ucx-1.14.0,1.0251397458566667,20000000000.0,50000.0,1000.0,2500.0,1048576.0,0.0,,1.0,0.0,,,,30.0,1.2193459526392931,0.02174347604761962,1.2286467153312772,0.09859458894350316
2023-01-09T00:00:00,16,ucx-1.15.0,1.0200982064033333,20000000000.0,50000.0,1000.0,2500.0,1048576.0,0.0,,1.0,0.0,,,,30.0,1.2253722162763678,0.019323851344794137,1.2328378314065733,0.08936330411744348
2023-01-09T00:00:00,32,ucx-1.12.1,1.0377479161433334,20000000000.0,50000.0,1000.0,2500.0,1048576.0,0.0,,1.0,0.0,,,,30.0,0.6022657239561012,0.010751822653502108,0.6065296364910119,0.04500523160421296
2023-01-09T00:00:00,32,ucx-1.13.1,1.3637374746933333,20000000000.0,50000.0,1000.0,2500.0,1048576.0,0.0,,1.0,0.0,,,,30.0,0.4582993513033329,0.006369197733446977,0.4605539989506058,0.03039623713582704
2023-01-09T00:00:00,128,ucx-1.12.1,2.281536051276667,20000000000.0,50000.0,1000.0,2500.0,1048576.0,0.0,,1.0,0.0,,,,30.0,0.06848456324526105,0.0006453449453304265,0.06864716480685336,0.0032198088242305356
2023-01-09T00:00:00,128,ucx-1.14.0,3.6017948899633336,20000000000.0,50000.0,1000.0,2500.0,1048576.0,0.0,,1.0,0.0,,,,30.0,0.04338114878095977,0.000324817499991542,0.04344965587246893,0.0017028690456403804
2023-01-09T00:00:00,128,ucx-1.15.0,3.64349762074,20000000000.0,50000.0,1000.0,2500.0,1048576.0,0.0,,1.0,0.0,,,,30.0,0.04288461699839545,0.00024423020068972613,0.04292609933017637,0.001354089924753565
2023-01-17T00:00:00,8,ucx-1.12.1,0.85793689508,20000000000.0,50000.0,1000.0,2500.0,1048576.0,0.0,,1.0,0.0,,,,30.0,2.913967232714572,0.03738612867753337,2.9261133614064847,0.17713294127663085
2023-01-17T00:00:00,8,ucx-1.13.1,0.9327085968100001,20000000000.0,50000.0,1000.0,2500.0,1048576.0,0.0,,1.0,0.0,,,,30.0,2.6803655595652986,0.030490053475180013,2.690039371893923,0.1585992430333289
2023-01-17T00:00:00,8,ucx-1.14.0,0.9650915094466668,20000000000.0,50000.0,1000.0,2500.0,1048576.0,0.0,,1.0,0.0,,,,30.0,2.5904279288845573,0.06303126781889279,2.622921266461616,0.2533113393624343
2023-01-17T00:00:00,8,ucx-1.15.0,0.9491310860233334,20000000000.0,50000.0,1000.0,2500.0,1048576.0,0.0,,1.0,0.0,,,,30.0,2.6339881148287883,0.03153689225326781,2.6441521537725112,0.15828291945913014
2023-01-17T00:00:00,32,ucx-1.12.1,1.04793089547,20000000000.0,50000.0,1000.0,2500.0,1048576.0,0.0,,1.0,0.0,,,,30.0,0.5964133729635728,0.014145616511505517,0.603347750473722,0.055730100510704705
2023-01-17T00:00:00,32,ucx-1.13.1,1.3674622952966666,20000000000.0,50000.0,1000.0,2500.0,1048576.0,0.0,,1.0,0.0,,,,30.0,0.4570509930326146,0.0060793984922396516,0.4590628122936741,0.02831755934957297
2023-01-30T00:00:00,8,ucx-1.12.1,0.8746801794466668,20000000000.0,50000.0,1000.0,2500.0,1048576.0,0.0,,1.0,0.0,,,,30.0,2.8581875509989607,0.047252443133643254,2.878982463754673,0.23533867793384364
2023-01-30T00:00:00,8,ucx-1.13.1,0.9806023077100001,20000000000.0,50000.0,1000.0,2500.0,1048576.0,0.0,,1.0,0.0,,,,30.0,2.549453514787507,0.027035529618748538,2.557551078467165,0.14226003153466357
2023-01-30T00:00:00,8,ucx-1.14.0,0.9740415435099999,20000000000.0,50000.0,1000.0,2500.0,1048576.0,0.0,,1.0,0.0,,,,30.0,2.5666256400021132,0.033819715175717684,2.5783901871056494,0.1668101199651138
2023-01-30T00:00:00,8,ucx-1.15.0,0.9757771791233334,20000000000.0,50000.0,1000.0,2500.0,1048576.0,0.0,,1.0,0.0,,,,30.0,2.562060328410296,0.026951002862537023,2.5700421856053803,0.14133798196487493
2023-01-30T00:00:00,16,ucx-1.12.1,0.8312537741666667,20000000000.0,50000.0,1000.0,2500.0,1048576.0,0.0,,1.0,0.0,,,,30.0,1.5037525709319361,0.032127253297933554,1.5178218247360684,0.12419039888644588
2023-01-30T00:00:00,16,ucx-1.13.1,0.9685424188,20000000000.0,50000.0,1000.0,2500.0,1048576.0,0.0,,1.0,0.0,,,,30.0,1.2905991268288681,0.023251745476024245,1.300166767883973,0.10005089657766376
2023-01-30T00:00:00,16,ucx-1.14.0,0.9645187070666666,20000000000.0,50000.0,1000.0,2500.0,1048576.0,0.0,,1.0,0.0,,,,30.0,1.2959831580680803,0.02748492744441712,1.3081993358423316,0.10867264214848399
2023-01-30T00:00:00,16,ucx-1.15.0,0.9691764052333334,20000000000.0,50000.0,1000.0,2500.0,1048576.0,0.0,,1.0,0.0,,,,30.0,1.2897548818257263,0.02781180027962223,1.3021911674049904,0.10881674068780692
2023-01-30T00:00:00,32,ucx-1.12.1,1.0457857600333333,20000000000.0,50000.0,1000.0,2500.0,1048576.0,0.0,,1.0,0.0,,,,30.0,0.5976367473009756,0.009372045766832779,0.6011663881731291,0.042320842757689665
2023-01-30T00:00:00,32,ucx-1.13.1,1.3576792036,20000000000.0,50000.0,1000.0,2500.0,1048576.0,0.0,,1.0,0.0,,,,30.0,0.4603443864668179,0.006039001413423136,0.46234934717894,0.02856292834042617
2023-01-30T00:00:00,64,ucx-1.12.1,1.4123747433666667,20000000000.0,50000.0,1000.0,2500.0,1048576.0,0.0,,1.0,0.0,,,,30.0,0.22125855865639185,0.0026984259213092762,0.22208502509071415,0.012690915675475551
2023-01-30T00:00:00,64,ucx-1.14.0,2.0696268262666666,20000000000.0,50000.0,1000.0,2500.0,1048576.0,0.0,,1.0,0.0,,,,30.0,0.15099340423785904,0.0015767238186309136,0.1514284513343658,0.007784361411092385
2023-01-30T00:00:00,64,ucx-1.15.0,2.0715292471333333,20000000000.0,50000.0,1000.0,2500.0,1048576.0,0.0,,1.0,0.0,,,,30.0,0.15085473711387384,0.0014847693319397994,0.15125309995037028,0.0075547926323909316
2023-01-30T00:00:00,128,ucx-1.12.1,2.2977841166333333,20000000000.0,50000.0,1000.0,2500.0,1048576.0,0.0,,1.0,0.0,,,,30.0,0.06800029596728796,0.0006813350714591819,0.0681776483399276,0.003302961088317613
2023-02-07T00:00:00,8,ucx-1.12.1,0.8544675265333335,20000000000.0,50000.0,1000.0,2500.0,1048576.0,0.0,,1.0,0.0,,,,30.0,2.925798725368498,0.03350116906364116,2.935961445107049,0.16544950902920338
2023-02-07T00:00:00,8,ucx-1.13.1,0.9391635728000001,20000000000.0,50000.0,1000.0,2500.0,1048576.0,0.0,,1.0,0.0,,,,30.0,2.6619431081068865,0.03403906819387826,2.6740591554555238,0.17689117463086038
2023-02-07T00:00:00,8,ucx-1.14.0,0.9560211329333334,20000000000.0,50000.0,1000.0,2500.0,1048576.0,0.0,,1.0,0.0,,,,30.0,2.6150049553081725,0.02915464436567817,2.6240993674047,0.15246863024170756
2023-02-07T00:00:00,8,ucx-1.15.0,0.9555267872666667,20000000000.0,50000.0,1000.0,2500.0,1048576.0,0.0,,1.0,0.0,,,,30.0,2.6163578387492183,0.03560993164925976,2.62992325845594,0.1858961184798865
2023-02-07T00:00:00,16,ucx-1.12.1,0.8485347224,20000000000.0,50000.0,1000.0,2500.0,1048576.0,0.0,,1.0,0.0,,,,30.0,1.4731276953104446,0.02839904608228067,1.4857224372153648,0.12377893441583475
2023-02-07T00:00:00,16,ucx-1.13.1,1.0243602308666666,20000000000.0,50000.0,1000.0,2500.0,1048576.0,0.0,,1.0,0.0,,,,30.0,1.2202738473578085,0.019867908178462172,1.2283727262290074,0.09370727835795448
2023-02-07T00:00:00,16,ucx-1.14.0,1.0403460906333335,20000000000.0,50000.0,1000.0,2500.0,1048576.0,0.0,,1.0,0.0,,,,30.0,1.2015232346757176,0.019862857911654975,1.2091304396549882,0.08668856440202893
2023-02-07T00:00:00,16,ucx-1.15.0,1.0355786242333334,20000000000.0,50000.0,1000.0,2500.0,1048576.0,0.0,,1.0,0.0,,,,30.0,1.2070546559662803,0.02044115342382674,1.2150359818124914,0.08881931413185488
2023-02-07T00:00:00,32,ucx-1.12.1,1.0458823324666666,20000000000.0,50000.0,1000.0,2500.0,1048576.0,0.0,,1.0,0.0,,,,30.0,0.5975815640043997,0.009812600233989433,0.6014725464772944,0.04448077156159909
2023-02-07T00:00:00,32,ucx-1.14.0,1.4336722548,20000000000.0,50000.0,1000.0,2500.0,1048576.0,0.0,,1.0,0.0,,,,30.0,0.4359434298232889,0.0053468581533605555,0.43757908306950166,0.024980558175489567
2023-02-07T00:00:00,32,ucx-1.15.0,1.4308319917,20000000000.0,50000.0,1000.0,2500.0,1048576.0,0.0,,1.0,0.0,,,,30.0,0.43680879629859626,0.005217860070007383,0.4383552805400744,0.024177745856933528
2023-02-07T00:00:00,64,ucx-1.12.1,1.3669435095,20000000000.0,50000.0,1000.0,2500.0,1048576.0,0.0,,1.0,0.0,,,,30.0,0.22861222708047832,0.002807345865706439,0.22951119388628854,0.013704306187268093
2023-02-07T00:00:00,64,ucx-1.14.0,2.008306923433333,20000000000.0,50000.0,1000.0,2500.0,1048576.0,0.0,,1.0,0.0,,,,30.0,0.1556037059643058,0.0012943321371937423,0.15590028500424655,0.006647818288946377
2023-02-07T00:00:00,64,ucx-1.15.0,2.0216636801333334,20000000000.0,50000.0,1000.0,2500.0,1048576.0,0.0,,1.0,0.0,,,,30.0,0.1545756611601144,0.0013871947699207374,0.15492304618820438,0.007207015701240942
2023-02-07T00:00:00,128,ucx-1.12.1,2.3403379558233337,20000000000.0,50000.0,1000.0,2500.0,1048576.0,0.0,,1.0,0.0,,,,30.0,0.06676386186499765,0.0005472065991275809,0.06688825990251994,0.0028278123334739805
2023-02-13T00:00:00,8,ucx-1.12.1,0.8844342737066667,20000000000.0,50000.0,1000.0,2500.0,1048576.0,0.0,,1.0,0.0,,,,30.0,2.8266656712912,0.04025339487313541,2.8420989560143095,0.20234344891621983
2023-02-13T00:00:00,8,ucx-1.13.1,0.9699360978666667,20000000000.0,50000.0,1000.0,2500.0,1048576.0,0.0,,1.0,0.0,,,,30.0,2.5774893887325607,0.03436262541299005,2.5896725256604722,0.17053392683243482
2023-02-13T00:00:00,8,ucx-1.14.0,0.9809062171933334,20000000000.0,50000.0,1000.0,2500.0,1048576.0,0.0,,1.0,0.0,,,,30.0,2.5486636297945475,0.032145508881505615,2.559558371252534,0.16115704662774136
2023-02-13T00:00:00,8,ucx-1.15.0,0.9734911021666668,20000000000.0,50000.0,1000.0,2500.0,1048576.0,0.0,,1.0,0.0,,,,30.0,2.56807688784811,0.03025322148734941,2.5780089361436693,0.1571652371533836
2023-02-13T00:00:00,16,ucx-1.12.1,0.8787225743233333,20000000000.0,50000.0,1000.0,2500.0,1048576.0,0.0,,1.0,0.0,,,,30.0,1.4225195033399154,0.026550906729665685,1.4336464733648178,0.11255183637835833
2023-02-13T00:00:00,16,ucx-1.13.1,1.0579931683000001,20000000000.0,50000.0,1000.0,2500.0,1048576.0,0.0,,1.0,0.0,,,,30.0,1.18148210919785,0.021716642978870555,1.1902318912396954,0.08972265388432123
2023-02-13T00:00:00,16,ucx-1.14.0,1.0695443877433335,20000000000.0,50000.0,1000.0,2500.0,1048576.0,0.0,,1.0,0.0,,,,30.0,1.168721947704682,0.015771557293461184,1.1738717195283213,0.07149618387963483
2023-02-13T00:00:00,16,ucx-1.15.0,1.0717272144166665,20000000000.0,50000.0,1000.0,2500.0,1048576.0,0.0,,1.0,0.0,,,,30.0,1.1663415682509901,0.019648399221714834,1.1737119675067402,0.08219278020481469
2023-02-13T00:00:00,32,ucx-1.12.1,1.0559858088666667,20000000000.0,50000.0,1000.0,2500.0,1048576.0,0.0,,1.0,0.0,,,,30.0,0.5918640144139619,0.010916573614914516,0.5964374660044942,0.046756400238418754
2023-02-13T00:00:00,32,ucx-1.14.0,1.4380883830966666,20000000000.0,50000.0,1000.0,2500.0,1048576.0,0.0,,1.0,0.0,,,,30.0,0.43460472064601063,0.0057889322466271554,0.436531438938785,0.027099173787838035
2023-02-13T00:00:00,32,ucx-1.15.0,1.4009467454833335,20000000000.0,50000.0,1000.0,2500.0,1048576.0,0.0,,1.0,0.0,,,,30.0,0.4461268795655555,0.005385517539054414,0.44779445539106294,0.025876700760655447
2023-02-13T00:00:00,64,ucx-1.12.1,1.4536288712966665,20000000000.0,50000.0,1000.0,2500.0,1048576.0,0.0,,1.0,0.0,,,,30.0,0.2149792193665249,0.002540302492999448,0.2157324847630519,0.011944580351984828
2023-02-13T00:00:00,64,ucx-1.14.0,2.1302762070366668,20000000000.0,50000.0,1000.0,2500.0,1048576.0,0.0,,1.0,0.0,,,,30.0,0.14669459245132582,0.00109574814373609,0.14692796836727026,0.005825573549186758
2023-02-13T00:00:00,64,ucx-1.15.0,2.1219287893233334,20000000000.0,50000.0,1000.0,2500.0,1048576.0,0.0,,1.0,0.0,,,,30.0,0.14727167168491734,0.0014009420786488841,0.14762399116388691,0.00690776355657208
2023-02-13T00:00:00,128,ucx-1.12.1,2.2709649104933334,20000000000.0,50000.0,1000.0,2500.0,1048576.0,0.0,,1.0,0.0,,,,30.0,0.06880335282946183,0.00066651132784061,0.06897925380429712,0.003384352045666765
